campaign,channelLabel,channelIndex,gridColumn,gridRow,referencePowerWatts,maximumPowerWatts,maximumPowerDay,maximumPowerReferencePercent,maximumAbsoluteRipplePercent
idle,A09,0,8,0,4637876.917895916,4295454.113307244,0.6041666666666666,92.61681992319839,7.592812798587378
idle,A10,1,9,0,4753795.284448043,4671721.6981639275,0.5625,98.27351450003289,2.0614515226890173
idle,A11,2,10,0,4807430.466142967,4768660.401959019,0.5833333333333334,99.19353874264033,1.1613983816850526
idle,A12,3,11,0,4807430.466142967,4970869.56691526,0.5208333333333334,103.39971845507358,3.399718455073586
idle,A13,4,12,0,4753795.2844480425,4757994.460161534,0.7083333333333334,100.08833312042758,0.20506035708183212
idle,A14,5,13,0,4637876.917895917,4839544.255378161,0.75,104.34826842221882,4.348268422218826
idle,B06,6,5,1,4567696.552863376,4587479.978506189,0.2708333333333333,100.43311602278857,0.4331160227885711
idle,B07,7,6,1,4730657.41470484,4518163.008978686,0.4791666666666667,95.50814216506922,4.702174255512126
idle,B08,8,7,1,4856359.244297651,4651426.900506859,0.5416666666666666,95.78012388536898,4.4227156935371825
idle,B09,9,8,1,4932427.525751918,4773832.313268781,0.5416666666666666,96.7846418086202,3.486668931624348
idle,B10,10,9,1,5010924.366932793,4883149.048297733,0.5625,97.4500649126087,2.8657439644940497
idle,B11,11,10,1,5051386.362722253,5117645.3281151345,0.4791666666666667,101.31169862360663,1.3116986236066275
idle,B12,12,11,1,5051386.3627222525,4990431.855735734,0.6666666666666666,98.7933113286217,1.5083108910670107
idle,B13,13,12,1,5010924.366932793,5158606.49000121,0.7291666666666666,102.94720319554162,2.9472031955416256
idle,B14,14,13,1,4932427.525751918,5133296.0700556105,0.8333333333333334,104.07240741511092,4.0724074151109235
idle,B15,15,14,1,4856359.244297651,5518799.313077626,9.4375,113.64067268206762,13.640672682067612
idle,B16,16,15,1,4730657.41470484,5196569.495097681,1.0416666666666667,109.84878082578109,9.84878082578109
idle,B17,17,16,1,4567696.552863376,5159608.63636022,0.7291666666666666,112.95865600191388,12.958656001913882
idle,C05,18,4,2,4621144.824327538,4686308.159120163,0.20833333333333334,101.4101123697656,1.4101123697656037
idle,C06,19,5,2,4804428.858754164,4609309.079186008,0.4375,95.93875182036203,4.232663600883502
idle,C07,20,6,2,4968052.809953903,4837250.818387458,0.4791666666666667,97.36713765794977,2.8293829222897915
idle,C08,21,7,2,5090752.3661602335,4917479.770796832,0.5,96.59632637966841,3.6393559107235296
idle,C09,22,8,2,5184845.259658251,4969486.086252043,0.5208333333333334,95.8463722132297,4.440066949716592
idle,C10,23,9,2,5250976.539444979,5224290.582697872,0.4791666666666667,99.49179059272795,1.0242105509626342
idle,C11,24,10,2,5287373.958214552,5262138.821559377,0.5625,99.52272835523635,0.8847083484302076
idle,C12,25,11,2,5287373.958214552,5578997.458838883,9.4375,105.51546954932627,5.515469549326268
idle,C13,26,12,2,5250976.539444979,5398632.9966539005,0.7291666666666666,102.81198089726236,2.811980897262356
idle,C14,27,13,2,5184845.259658251,5638902.769458663,0.625,108.75739751257957,8.75739751257958
idle,C15,28,14,2,5090752.3661602335,5536350.074065202,1.0416666666666667,108.75308158509125,8.753081585091248
idle,C16,29,15,2,4968052.809953903,5659673.448684092,0.8333333333333334,113.92136245702682,13.92136245702682
idle,C17,30,16,2,4804428.858754163,5196879.038457007,1.0416666666666667,108.16850849998039,8.168508499980387
idle,C18,31,17,2,4621144.824327538,5365877.687334848,2.9583333333333335,116.11576549357945,16.11576549357945
idle,D04,32,3,3,4634829.928441549,4918531.236779653,9.4375,106.12107267619845,6.121072676198458
idle,D05,33,4,3,4840705.940506408,4718246.648270437,9.4375,97.47021831648051,2.847922695156657
idle,D06,34,5,3,5030143.83485676,5115161.173402104,0.3125,101.69015720696115,1.6901572069611515
idle,D07,35,6,3,5184383.497814638,4978019.215850627,0.4791666666666667,96.01950198994733,4.141097923260261
idle,D08,36,7,3,5312956.894543577,5037844.011128069,0.4791666666666667,94.8218498874318,5.423524786485423
idle,D09,37,8,3,5406235.561291306,5326835.405437448,0.4583333333333333,98.53132267446199,1.9099090385502504
idle,D10,38,9,3,5472666.261587133,5268918.869424622,0.4791666666666667,96.2769995021874,4.238361486546561
idle,D11,39,10,3,5505602.011222798,5608507.741788713,0.4166666666666667,101.8691095062111,1.8691095062111085
idle,D12,40,11,3,5505602.011222798,5521942.039725474,0.6041666666666666,100.2967891334929,0.2967891334928918
idle,D13,41,12,3,5472666.261587133,5673462.290283559,0.6666666666666666,103.66907132828145,3.669071328281448
idle,D14,42,13,3,5406235.561291306,5613240.621747475,0.8333333333333334,103.82900556421046,3.8290055642104637
idle,D15,43,14,3,5312956.894543577,5966431.977818261,7.729166666666667,112.29964963475997,12.29964963475998
idle,D16,44,15,3,5184383.497814639,5581587.770237119,1.0416666666666667,107.66155267236526,7.661552672365257
idle,D17,45,16,3,5030143.834856761,5646201.247718561,0.8333333333333334,112.24731206676009,12.247312066760085
idle,D18,46,17,3,4840705.940506407,5220831.430215521,2.2916666666666665,107.85268707459117,7.852687074591169
idle,D19,47,18,3,4634829.928441549,4948985.081296635,2.3125,106.7781376599663,6.77813765996631
idle,E03,48,2,4,4605930.485113044,4649287.845090409,9.4375,100.94133769750762,0.941337697507616
idle,E04,49,3,4,4833706.893210676,4800530.522204406,9.4375,99.31364537115668,1.4216275262472045
idle,E05,50,4,4,5046202.20778458,5088767.193171326,9.4375,100.84350534588333,0.843505345883333
idle,E06,51,5,4,5226981.293094191,5089811.593057862,9.4375,97.37573768979132,2.7461893730065245
idle,E07,52,6,4,5385198.1329400325,5547855.34023554,0.5208333333333334,103.0204498196746,3.0204498196745977
idle,E08,53,7,4,5509539.617519945,5635056.6956059495,0.3125,102.27817724890969,2.278177248909685
idle,E09,54,8,4,5606327.068053454,5441448.781440371,0.4583333333333333,97.0590676460421,3.282849069285354
idle,E10,55,9,4,5669996.507927121,5722127.362917366,0.3125,100.91941599818206,0.9194159981820604
idle,E11,56,10,4,5703093.806537876,5559808.536834217,0.4583333333333333,97.48758700866185,3.2294731836571944
idle,E12,57,11,4,5703093.806537875,5783795.182581608,0.5,101.41504556616654,1.4150455661665395
idle,E13,58,12,4,5669996.50792712,5839514.469917635,0.625,102.98973662071072,2.9897366207107146
idle,E14,59,13,4,5606327.068053453,6124611.298031521,0.625,109.24463064118054,9.244630641180528
idle,E15,60,14,4,5509539.617519944,5806914.521815732,1.0416666666666667,105.39745468659771,5.3974546865977135
idle,E16,61,15,4,5385198.132940032,5990555.863231737,8.854166666666666,111.24114127925712,11.241141279257128
idle,E17,62,16,4,5226981.293094191,5511447.412598897,1.0416666666666667,105.44226396755118,5.442263967551186
idle,E18,63,17,4,5046202.20778458,5592375.58517936,0.9166666666666666,110.82345405327236,10.823454053272364
idle,E19,64,18,4,4833706.893210676,5076923.295380003,1.0416666666666667,105.03167460383136,5.03167460383136
idle,E20,65,19,4,4605930.485113044,4786850.060077722,0.9583333333333334,103.92797015824344,3.9279701582434434
idle,F03,66,2,5,4783611.680034372,4752127.532080119,9.4375,99.3418331156423,1.4276002474847727
idle,F04,67,3,5,5014615.843792796,5209739.820908522,9.4375,103.89110518520089,3.8911051852008827
idle,F05,68,4,5,5220235.455154861,5042316.712702382,9.4375,96.59174870595562,3.9136569265302623
idle,F06,69,5,5,5404778.628483014,5380473.327522428,9.4375,99.55029978781188,0.7367180798800166
idle,F07,70,6,5,5558070.463898022,5452538.271712715,9.4375,98.10128005985563,2.0509420614042484
idle,F08,71,7,5,5685102.954659442,5613186.697132873,0.5,98.73500518635943,1.3591377292965445
idle,F09,72,8,5,5779372.729633639,5978775.404969214,9.4375,103.4502477113674,3.4502477113673935
idle,F10,73,9,5,5844171.611915346,5797291.672948158,0.4166666666666667,99.1978343197245,1.3858519030250482
idle,F11,74,10,5,5876133.644191159,5863954.079363023,0.3958333333333333,99.79272825354856,1.0693052251806612
idle,F12,75,11,5,5876133.644191159,5724504.527392997,0.4583333333333333,97.41957678331475,3.492809893494919
idle,F13,76,12,5,5844171.611915346,6052373.859162306,0.5208333333333334,103.56256217429463,3.5625621742946256
idle,F14,77,13,5,5779372.729633639,6000329.6138373,0.75,103.82319837360046,3.823198373600456
idle,F15,78,14,5,5685102.954659442,6243200.114276394,2.7083333333333335,109.8168347005843,9.816834700584298
idle,F16,79,15,5,5558070.463898023,5846458.868647528,0.9166666666666666,105.18864247264779,5.188642472647786
idle,F17,80,16,5,5404778.628483014,5656106.838097862,0.8541666666666666,104.6501110756018,4.650111075601804
idle,F18,81,17,5,5220235.455154861,5378737.56637302,0.8958333333333334,103.03630195572198,3.036301955721976
idle,F19,82,18,5,5014615.843792795,5378457.978600911,9.4375,107.25563325570566,7.255633255705662
idle,F20,83,19,5,4783611.680034373,4707536.558512904,0.9583333333333334,98.40967188371522,1.8168726356578957
idle,G02,84,1,6,4658494.145209977,4542980.726682667,9.4375,97.52036999668475,3.238991090834442
idle,G03,85,2,6,4928045.372922851,4866649.75440247,9.4375,98.75415882212208,1.9638021076983092
idle,G04,86,3,6,5162124.327846742,5089292.141508048,9.4375,98.58910437422428,2.073093611423471
idle,G05,87,4,6,5371899.296747004,5573206.430479471,9.4375,103.747410787361,3.747410787361005
idle,G06,88,5,6,5552571.304517052,5553697.183542699,9.4375,100.02027671440672,0.38162224798028443
idle,G07,89,6,6,5708036.136999339,5957220.218496483,9.4375,104.3654958643646,4.36549586436461
idle,G08,90,7,6,5832223.427286435,5910033.120983632,0.20833333333333334,101.33413430859251,1.334134308592505
idle,G09,91,8,6,5927869.242600707,5761782.376396914,0.4166666666666667,97.19820293925838,3.037632883450958
idle,G10,92,9,6,5991185.061668024,6242652.803903482,0.2916666666666667,104.1972955207871,4.197295520787092
idle,G11,93,10,6,6023513.350534234,5920555.513449987,0.3125,98.29073447516946,2.7080083060827875
idle,G12,94,11,6,6023513.350534234,6256926.034285902,0.2708333333333333,103.87502559002324,3.87502559002324
idle,G13,95,12,6,5991185.0616680235,5979761.812608213,0.4791666666666667,99.80933239514003,1.2360446600254371
idle,G14,96,13,6,5927869.242600706,6387527.560709709,4.541666666666667,107.75419124979449,7.754191249794484
idle,G15,97,14,6,5832223.427286436,5907719.46174308,0.75,101.29446403070621,1.2944640307062105
idle,G16,98,15,6,5708036.136999341,5992414.3489152845,0.625,104.98206747628333,4.982067476283336
idle,G17,99,16,6,5552571.304517053,5606679.77228712,0.7083333333333334,100.97447587437642,0.9744758743764237
idle,G18,100,17,6,5371899.296747003,5488689.791358922,0.7291666666666666,102.17410059571748,2.1741005957174764
idle,G19,101,18,6,5162124.327846741,5183127.647391,0.7708333333333334,100.40687357007188,0.4068735700718751
idle,G20,102,19,6,4928045.372922851,4899468.877280583,0.7708333333333334,99.420125151459,0.9833307680502168
idle,G21,103,20,6,4658494.145209977,4416240.08155352,0.7291666666666666,94.79973450421632,5.570489616916863
idle,H02,104,1,7,4807472.0116356285,4778376.7474976815,9.4375,99.39479077428788,1.267047823747769
idle,H03,105,2,7,5055959.639595347,4922652.062337369,9.4375,97.36335756690005,3.276015536810617
idle,H04,106,3,7,5287643.482181484,5248188.4137716945,9.4375,99.25382510105406,1.2278782741590666
idle,H05,107,4,7,5493613.714834098,5288004.840492057,9.4375,96.25731103395844,4.145284225134271
idle,H06,108,5,7,5675526.242933749,5845931.992578958,0,103.00246606836451,3.0024660683645177
idle,H07,109,6,7,5828208.785565562,5703282.450856226,9.4375,97.85652265892165,2.380315033747449
idle,H08,110,7,7,5953475.132211619,5839465.253689028,0,98.08498606291755,1.9745288526607285
idle,H09,111,8,7,6047455.501500435,6270739.846359181,9.4375,103.6922031886526,3.6922031886525986
idle,H10,112,9,7,6111329.244445109,6071300.706473745,0.20833333333333334,99.34501094000544,1.3955583746677158
idle,H11,113,10,7,6143075.92962072,6388242.690233235,0.14583333333333334,103.99094465738847,3.9909446573884733
idle,H12,114,11,7,6143075.9296207195,6045957.662344632,0.2708333333333333,98.41906125874495,2.7810707781912525
idle,H13,115,12,7,6111329.24444511,6412014.540437244,0.2916666666666667,104.92012922173097,4.920129221730973
idle,H14,116,13,7,6047455.501500435,6172514.816330855,0.5625,102.06796585438936,2.067965854389353
idle,H15,117,14,7,5953475.132211618,6406495.016192328,0.625,107.6093352860352,7.6093352860352015
idle,H16,118,15,7,5828208.785565563,5807402.543321357,0.6458333333333334,99.6430079461852,1.208869236835619
idle,H17,119,16,7,5675526.242933749,5928386.784364626,0.5,104.45527922182896,4.455279221828956
idle,H18,120,17,7,5493613.714834097,5382754.653376578,0.6458333333333334,97.98203755829843,2.8004372464719762
idle,H19,121,18,7,5287643.482181484,5405831.852400215,0.5416666666666666,102.23518039022501,2.235180390225011
idle,H20,122,19,7,5055959.6395953465,4917214.858128484,0.6666666666666666,97.25581706823185,3.2774217589052745
idle,H21,123,20,7,4807472.0116356285,4842330.453207024,0.5625,100.72508880939976,0.7250888093997654
idle,J01,124,0,8,4606486.835566402,4771726.053306799,9.4375,103.58709844701161,3.5870984470116163
idle,J02,125,1,8,4897950.82359485,4821491.310618924,9.4375,98.43894894559581,2.2251728292149164
idle,J03,126,2,8,5153665.749412325,5123316.89259329,9.4375,99.41112097107779,1.113870529788974
idle,J04,127,3,8,5382481.659498054,5135217.613340339,9.4375,95.40613304791505,5.060185352126467
idle,J05,128,4,8,5588546.921177312,5663360.998120375,0,101.33870356638792,1.338703566387922
idle,J06,129,5,8,5767794.937449864,5671620.889385594,9.4375,98.33256818060887,1.9416974632786799
idle,J07,130,6,8,5921021.376589866,6111374.708401233,9.4375,103.21487324068737,3.214873240687366
idle,J08,131,7,8,6044592.137655852,6196058.240662906,0,102.50581179933495,2.505811799334956
idle,J09,132,8,8,6139052.374226681,5998170.899460056,0,97.70515926272137,2.7428917063342495
idle,J10,133,9,8,6202091.960793213,6455973.094577234,0.0625,104.0934758044373,4.093475804437308
idle,J11,134,10,8,6234006.704951216,6087047.516163076,0.14583333333333334,97.64262061714787,3.3688582150444346
idle,J12,135,11,8,6234006.704951215,6356309.9299430465,0.125,101.96187188721974,1.961871887219746
idle,J13,136,12,8,6202091.960793214,6282898.356456125,0.3333333333333333,101.30288935046,1.3028893504600125
idle,J14,137,13,8,6139052.374226682,6512999.711750377,0.9583333333333334,106.09128762435098,6.091287624350983
idle,J15,138,14,8,6044592.137655852,6230058.902274386,0.5416666666666666,103.06830900075352,3.068309000753522
idle,J16,139,15,8,5921021.376589868,6277526.215567604,4.729166666666667,106.02100239643215,6.021002396432151
idle,J17,140,16,8,5767794.937449865,5728425.335291979,0.5833333333333334,99.3174236847038,1.5128403980931848
idle,J18,141,17,8,5588546.921177311,5788822.959360329,0.4791666666666667,103.58368715531563,3.583687155315629
idle,J19,142,18,8,5382481.659498054,5294583.240348046,0.5833333333333334,98.36695367099114,2.3097978809331288
idle,J20,143,19,8,5153665.749412326,5187325.323865898,0.5208333333333334,100.65311908242032,0.653119082420317
idle,J21,144,20,8,4897950.823594849,4712897.948270663,0.7083333333333334,96.2218306800319,4.0618049398337135
idle,J22,145,21,8,4606486.835566402,4532982.777406376,0.75,98.40433586844304,1.7959937275355387
idle,K01,146,0,9,4724551.158262206,4666140.530038596,9.4375,98.76367878625967,1.8324715171506245
idle,K02,147,1,9,4980411.436454464,5144912.32072763,9.4375,103.30295772491989,3.302957724919886
idle,K03,148,2,9,5223557.861038766,5136656.43508105,9.4375,98.33635563595664,2.3045604112692297
idle,K04,149,3,9,5449310.707698692,5336467.7563111605,9.4375,97.92922522791537,2.559462550302405
idle,K05,150,4,9,5652159.196601739,5420470.427106911,9.4375,95.90088032845702,4.488023408704622
idle,K06,151,5,9,5831165.6294557275,5739010.954453599,9.4375,98.4196182914679,1.7787325655402086
idle,K07,152,6,9,5982803.020561033,5689503.516987388,9.4375,95.09762393036064,5.067877929136877
idle,K08,153,7,9,6106600.609385954,5885646.385710656,0,96.38171483925626,3.8089447958062905
idle,K09,154,8,9,6200209.890353879,6275685.892632232,0,101.21731366539343,1.217313665393438
idle,K10,155,9,9,6263425.787997051,6198358.946847402,0,98.96116209639874,1.6962247409885722
idle,K11,156,10,9,6295063.374039246,6316471.459829144,0.08333333333333333,100.34007736726187,0.6000685817962426
idle,K12,157,11,9,6295063.374039248,6167448.321505649,0.16666666666666666,97.97277572994926,3.0170182068914198
idle,K13,158,12,9,6263425.78799705,6280978.764614647,0.25,100.28024562295022,0.8079676847418948
idle,K14,159,13,9,6200209.890353878,6231436.21570342,0.3333333333333333,100.50363335922101,0.5271500749847391
idle,K15,160,14,9,6106600.609385955,6360721.215483791,0.2916666666666667,104.16140865193064,4.161408651930643
idle,K16,161,15,9,5982803.020561031,5905020.55956281,0.5208333333333334,98.69989934933663,2.072989717523366
idle,K17,162,16,9,5831165.6294557275,5901490.759196051,0.4791666666666667,101.20602181809211,1.2060218180921067
idle,K18,163,17,9,5652159.19660174,5591395.240425274,0.5416666666666666,98.92494259162056,1.7580582545350665
idle,K19,164,18,9,5449310.707698692,5418732.602712602,0.5625,99.43886288328378,1.162730844068205
idle,K20,165,19,9,5223557.861038766,5099738.159501574,0.6875,97.6295906960133,2.683369811448877
idle,K21,166,20,9,4980411.436454463,5081976.191753061,9.4375,102.03928443652642,2.039284436526412
idle,K22,167,21,9,4724551.158262205,4573440.1031405,0.7916666666666666,96.8015786037697,3.341902156360199
idle,L01,168,0,10,4778938.89610593,4917432.758007485,0,102.8980044506199,2.8980044506198954
idle,L02,169,1,10,5023043.443419824,4877300.8267696705,9.4375,97.09851968648456,3.4830541136205317
idle,L03,170,2,10,5260960.897591241,5158559.5776895005,9.4375,98.05356242148416,2.520290915106216
idle,L04,171,3,10,5483064.860220667,5302076.303020203,9.4375,96.69913521334526,3.862967697693165
idle,L05,172,4,10,5684975.115295151,5506321.990607807,9.4375,96.85745106945699,3.6506958216552365
idle,L06,173,5,10,5862718.16700525,5499331.252881303,9.4375,93.80173319316202,6.625481797340893
idle,L07,174,6,10,6014309.670745321,5936288.504805851,0,98.70274112556959,1.479540082058306
idle,L08,175,7,10,6137490.489109186,6071353.992455076,0,98.9224179365904,1.2054662940544802
idle,L09,176,8,10,6231186.077215911,6038479.116010491,0,96.90737912786707,3.2729261209295535
idle,L10,177,9,10,6294121.029825143,6518769.768710434,4.354166666666667,103.56918365282107,3.569183652821062
idle,L11,178,10,10,6325798.143363796,6270010.341010714,0.020833333333333332,99.11809069640314,1.515702836477617
idle,L12,179,11,10,6325798.143363795,6306337.007724405,0.08333333333333333,99.69235288261915,1.2533983774401625
idle,L13,180,12,10,6294121.029825143,6065880.313866399,0.14583333333333334,96.37374758322554,4.640079415035048
idle,L14,181,13,10,6231186.07721591,6461429.111490047,0.16666666666666666,103.6950113737738,3.6950113737737933
idle,L15,182,14,10,6137490.4891091855,6095147.463809448,0.3125,99.31009220503276,1.6896928807519584
idle,L16,183,15,10,6014309.6707453225,6226455.765581823,0.8125,103.52735569750287,3.5273556975028653
idle,L17,184,16,10,5862718.16700525,5699622.760992949,0.5,97.21809233590342,3.387873178443579
idle,L18,185,17,10,5684975.115295151,5626981.704202058,0.5208333333333334,98.97988276259882,1.606381153418024
idle,L19,186,18,10,5483064.860220666,5198829.162110233,0.6041666666666666,94.81611643567182,5.535683247823508
idle,L20,187,19,10,5260960.897591241,5199304.4763896605,0.6041666666666666,98.82803878603603,1.4883349022696613
idle,L21,188,20,10,5023043.443419824,4803005.911362906,0.7291666666666666,95.61943800535576,4.544631437876179
idle,L22,189,21,10,4778938.89610593,4872569.171917509,0.625,101.9592273064607,1.959227306460698
idle,M01,190,0,11,4778938.89610593,4969580.520719132,9.4375,103.9892040630305,3.9892040630304937
idle,M02,191,1,11,5023043.443419824,4957856.069618886,9.4375,98.70223352564602,1.7795234474367705
idle,M03,192,2,11,5260960.897591241,5300755.89308955,9.4375,100.75642066673656,0.756420666736557
idle,M04,193,3,11,5483064.860220666,5294401.884897148,9.4375,96.55916936725923,4.067933292408243
idle,M05,194,4,11,5684975.115295151,5588692.192553182,9.4375,98.30636157961493,2.341767964788566
idle,M06,195,5,11,5862718.16700525,5538565.187120081,9.4375,94.47094384121229,6.280940835067317
idle,M07,196,6,11,6014309.6707453225,5864405.888177561,9.4375,97.5075479851508,3.1025489474631796
idle,M08,197,7,11,6137490.4891091855,5839465.660872165,9.4375,95.14419079319377,5.338487659224289
idle,M09,198,8,11,6231186.07721591,6153766.6498350045,9.4375,98.75754910186383,1.4511308339201112
idle,M10,199,9,11,6294121.029825143,6219332.457478007,4.479166666666667,98.81177098449896,1.270381843435897
idle,M11,200,10,11,6325798.143363795,6290723.730495024,0,99.4455337955169,1.0072319894385062
idle,M12,201,11,11,6325798.143363796,6227017.482971252,0,98.43844747881859,2.314326624021157
idle,M13,202,12,11,6294121.029825143,6269265.690395581,0.041666666666666664,99.6051022960667,1.4833807578047309
idle,M14,203,13,11,6231186.077215911,6047147.4459905755,0.10416666666666667,97.0464911664528,4.063867440054647
idle,M15,204,14,11,6137490.489109186,6206745.749970478,0.10416666666666667,101.128397037587,1.1283970375870034
idle,M16,205,15,11,6014309.670745322,5841534.668872624,0.3125,97.12726794376574,3.64511620416329
idle,M17,206,16,11,5862718.16700525,5859576.873734732,0.375,99.9464191663144,0.7883099426428175
idle,M18,207,17,11,5684975.115295151,5547988.576785137,0.5416666666666666,97.59037575834839,2.834395798313305
idle,M19,208,18,11,5483064.860220667,5402150.158296367,0.6041666666666666,98.52427968687127,1.7338391240288908
idle,M20,209,19,11,5260960.897591241,5125374.103226564,0.75,97.4227750974778,2.699021303747573
idle,M21,210,20,11,5023043.443419824,5003067.102866461,0.5625,99.60230603660152,0.8108600452211734
idle,M22,211,21,11,4778938.89610593,4533513.786459021,0.7083333333333334,94.86444344691472,5.3121899022622765
idle,N01,212,0,12,4724551.158262205,4530669.22364443,9.4375,95.89628880875343,4.587320795225613
idle,N02,213,1,12,4980411.436454463,5051436.2809330635,9.4375,101.42608387649923,1.426083876499229
idle,N03,214,2,12,5223557.861038766,4957128.054175754,9.4375,94.89945715256174,5.689038869411456
idle,N04,215,3,12,5449310.707698692,5396574.647635048,9.4375,99.03224347275447,1.64985705080668
idle,N05,216,4,12,5652159.19660174,5522634.827270849,9.4375,97.70840903758045,3.3296700108447097
idle,N06,217,5,12,5831165.6294557275,5980852.300870067,9.4375,102.56701114196119,2.567011141961184
idle,N07,218,6,12,5982803.020561031,5784608.338707918,9.4375,96.68726045012716,4.402827041743096
idle,N08,219,7,12,6106600.609385955,6274127.407078845,9.4375,102.74337243269846,2.7433724326984654
idle,N09,220,8,12,6200209.890353878,6035347.69843131,9.4375,97.34102240346644,3.3258334330855233
idle,N10,221,9,12,6263425.78799705,6508375.462992014,7.8125,103.91079392150498,3.9107939215049736
idle,N11,222,10,12,6295063.374039248,6267205.472045366,0,99.55746431229322,0.6809855593886471
idle,N12,223,11,12,6295063.374039246,6505682.61901463,0.5625,103.34578434657186,3.3457843465718673
idle,N13,224,12,12,6263425.787997051,6006168.251113075,0,95.89270240294101,4.987733132827
idle,N14,225,13,12,6200209.890353879,6282669.583583883,0,101.32995002892228,1.3299500289222888
idle,N15,226,14,12,6106600.609385955,5930348.67095034,0.08333333333333333,97.11374707943544,3.8705376791689283
idle,N16,227,15,12,5982803.020561033,6002541.151625406,0.125,100.32991443971228,0.666753561155975
idle,N17,228,16,12,5831165.6294557275,5776174.520068066,0.3541666666666667,99.0569448223203,1.565971874329819
idle,N18,229,17,12,5652159.196601739,5664927.354409473,0.5208333333333334,100.22589876476604,0.22589876476604154
idle,N19,230,18,12,5449310.707698692,5304997.125594574,9.4375,97.35170942078538,2.744985574477432
idle,N20,231,19,12,5223557.861038766,5386824.572336931,9.4375,103.12558443194304,3.1255844319430404
idle,N21,232,20,12,4980411.436454464,4753912.9872013265,9.4375,95.45221409630405,4.698699082468738
idle,N22,233,21,12,4724551.158262206,4712957.827144821,0.5625,99.75461518504015,0.6241826339775214
idle,O01,234,0,13,4606486.835566402,4526064.713069598,9.4375,98.25415494784724,2.291392154291416
idle,O02,235,1,13,4897950.823594849,4714603.443169216,9.4375,96.25665126031083,4.305682992986027
idle,O03,236,2,13,5153665.749412326,5068830.379681957,9.4375,98.35388296689511,2.3202618508428974
idle,O04,237,3,13,5382481.659498054,5211716.5040560635,9.4375,96.82738992448485,4.097283679164965
idle,O05,238,4,13,5588546.921177311,5744634.023343731,9.4375,102.79298186752162,2.7929818675216156
idle,O06,239,5,13,5767794.937449865,5594499.462547749,9.4375,96.9954640069306,4.299308438845917
idle,O07,240,6,13,5921021.376589868,6096083.505486507,9.4375,102.95662045046463,2.956620450464631
idle,O08,241,7,13,6044592.137655852,5806787.66109908,9.4375,96.06583089245464,4.975341432852975
idle,O09,242,8,13,6139052.374226682,6347667.035498827,9.4375,103.39815737927181,3.3981573792718045
idle,O10,243,9,13,6202091.960793214,6032807.1340819625,9.4375,97.27052053111446,3.1484782185097315
idle,O11,244,10,13,6234006.704951215,6436029.281892031,0,103.24065382830541,3.2406538283054065
idle,O12,245,11,13,6234006.704951216,6111299.805828458,0,98.03165275672063,2.4414411029229144
idle,O13,246,12,13,6202091.960793213,6191003.857049134,0,99.82121993975301,1.056046315622805
idle,O14,247,13,13,6139052.374226681,5966837.573500733,0,97.19476573536089,3.674271595931855
idle,O15,248,14,13,6044592.137655852,5970284.471039291,0.020833333333333332,98.77067525940006,2.111569915523781
idle,O16,249,15,13,5921021.376589866,5725580.01897278,0.10416666666666667,96.69919520321596,4.029337399688215
idle,O17,250,16,13,5767794.937449864,5981791.831812294,0.20833333333333334,103.7102028883337,3.7102028883337024
idle,O18,251,17,13,5588546.921177312,5646032.4318927955,0.625,101.02863072505748,1.0286307250574778
idle,O19,252,18,13,5382481.659498054,5657551.194869038,9.4375,105.11045931546445,5.110459315464455
idle,O20,253,19,13,5153665.749412325,5105836.120957929,9.4375,99.07192994695376,1.2196583639222047
idle,O21,254,20,13,4897950.82359485,4875456.0497940155,9.4375,99.54073091766315,0.6124607188230935
idle,O22,255,21,13,4606486.835566402,4412447.429290215,9.4375,95.78769215667737,4.356394355649263
idle,P02,256,1,14,4807472.0116356285,4848208.773631289,9.4375,100.8473634770429,0.8473634770429062
idle,P03,257,2,14,5055959.6395953465,4958968.917595512,9.4375,98.08165553300189,2.6151497470153218
idle,P04,258,3,14,5287643.482181484,5259572.659749721,9.4375,99.46912414714878,1.3447371164206245
idle,P05,259,4,14,5493613.714834097,5337072.5060552405,9.4375,97.15048751323457,3.890322792246148
idle,P06,260,5,14,5675526.242933749,5869970.756183989,9.4375,103.42601734054759,3.4260173405475935
idle,P07,261,6,14,5828208.785565563,5656240.056798065,9.4375,97.04937254146756,3.941271823874848
idle,P08,262,7,14,5953475.132211618,5856625.132197803,9.4375,98.37321903824201,2.4377096647371532
idle,P09,263,8,14,6047455.501500435,6034787.1772738015,9.4375,99.7905181075993,0.8403707838244956
idle,P10,264,9,14,6111329.24444511,5996029.072325257,9.4375,98.11333725433538,2.3556781134723814
idle,P11,265,10,14,6143075.9296207195,6375259.984406891,9.4375,103.7796058106107,3.779605810610698
idle,P12,266,11,14,6143075.92962072,6014952.822821342,0,97.91434928906554,2.3202751418332612
idle,P13,267,12,14,6111329.244445109,6146439.9800740555,0,100.57451880310427,0.5745188031042625
idle,P14,268,13,14,6047455.501500435,5808507.396723689,0,96.04878275305273,4.64188081695851
idle,P15,269,14,14,5953475.132211619,5892945.850525082,0,98.98329496063502,1.7208125680945652
idle,P16,270,15,14,5828208.785565562,6030136.6597722415,0.020833333333333332,103.46466438722621,3.464664387226213
idle,P17,271,16,14,5675526.242933749,5573446.03398381,0.3333333333333333,98.20139658279207,2.1865984545485384
idle,P18,272,17,14,5493613.714834098,5789652.473755607,2.875,105.38878003238803,5.38878003238803
idle,P19,273,18,14,5287643.482181485,5229148.50755742,9.4375,98.89374208338396,1.2588267843170797
idle,P20,274,19,14,5055959.639595347,5334831.374090552,0.8333333333333334,105.51570333574745,5.515703335747446
idle,P21,275,20,14,4807472.0116356285,4776599.489352544,9.4375,99.35782211090645,0.7836882167049586
idle,Q02,276,1,15,4658494.145209977,4495085.750267949,9.4375,96.49224857113859,4.12712717078384
idle,Q03,277,2,15,4928045.372922852,4995691.253768328,9.4375,101.37267163198528,1.3726716319852894
idle,Q04,278,3,15,5162124.327846741,5031502.951470833,9.4375,97.46961971312315,3.3402927923654513
idle,Q05,279,4,15,5371899.296747003,5517970.248783925,9.4375,102.71916772761128,2.7191677276112713
idle,Q06,280,5,15,5552571.304517053,5459643.508019137,9.4375,98.3264006637372,2.4757038796821673
idle,Q07,281,6,15,5708036.136999339,5729375.4814190585,9.4375,100.37384739527837,0.3738473952783705
idle,Q08,282,7,15,5832223.427286436,5943610.048629348,9.4375,101.90984832339898,1.9098483233989771
idle,Q09,283,8,15,5927869.242600706,5739467.773664895,9.4375,96.82176746440591,3.70149130940004
idle,Q10,284,9,15,5991185.0616680235,5909692.380200293,9.4375,98.6397902814065,1.7958479300595576
idle,Q11,285,10,15,6023513.350534234,5878808.067440746,9.4375,97.59765979300678,2.678056512139404
idle,Q12,286,11,15,6023513.350534234,5943491.05080999,0,98.67150124740493,1.4439245490661556
idle,Q13,287,12,15,5991185.061668024,5926318.128400202,0,98.91729378077727,1.4598565447803247
idle,Q14,288,13,15,5927869.242600707,6067866.417004341,0,102.361677841973,2.361677841973009
idle,Q15,289,14,15,5832223.427286435,5634385.587911431,0,96.60784875885572,3.8481656869285175
idle,Q16,290,15,15,5708036.136999339,5656596.877562147,0,99.09882736894806,1.2576460112393772
idle,Q17,291,16,15,5552571.304517053,5626414.520521098,0,101.32989225989719,1.3298922598971918
idle,Q18,292,17,15,5371899.296747004,5411293.358965078,9.3125,100.73333582857613,0.7333358285761316
idle,Q19,293,18,15,5162124.327846742,5428982.568981844,0.625,105.16954308317511,5.169543083175121
idle,Q20,294,19,15,4928045.372922851,5085860.034586919,9.4375,103.2023784223088,3.2023784223087937
idle,Q21,295,20,15,4658494.145209977,4925325.40830717,0.4166666666666667,105.72784369325777,5.727843693257761
idle,R03,296,2,16,4783611.680034373,4639372.186232755,9.4375,96.98471566152331,3.9169820577509173
idle,R04,297,3,16,5014615.843792795,4947628.83011318,9.4375,98.6641645987193,2.2557686120653675
idle,R05,298,4,16,5220235.455154861,5161236.600576274,9.4375,98.86980472269067,1.9476107901616913
idle,R06,299,5,16,5404778.628483014,5435577.027059573,9.4375,100.56983644832837,0.5698364483283758
idle,R07,300,6,16,5558070.463898023,5343286.241075227,9.4375,96.13563332422811,4.4422410680552415
idle,R08,301,7,16,5685102.954659442,5570150.042737651,9.4375,97.97799771018082,2.5695511907662727
idle,R09,302,8,16,5779372.729633639,5762931.643926449,9.4375,99.71552127754474,0.7685648653481425
idle,R10,303,9,16,5844171.611915346,5758872.196923635,9.4375,98.54043617032396,1.9763214976273313
idle,R11,304,10,16,5876133.644191159,5963253.353855128,0,101.48260259107775,1.482602591077753
idle,R12,305,11,16,5876133.644191159,5708926.64426823,9.4375,97.15447248058727,3.122550737905938
idle,R13,306,12,16,5844171.611915347,5850940.495877792,0,100.11582281308516,0.19179080740032717
idle,R14,307,13,16,5779372.729633639,5631018.205677434,0,97.43303415618931,2.817236324820571
idle,R15,308,14,16,5685102.954659443,5619400.39194552,0,98.84430302779171,1.4151133811464933
idle,R16,309,15,16,5558070.463898022,5534542.593711818,0,99.57668996211856,0.5866153540535324
idle,R17,310,16,16,5404778.628483014,5331174.381198852,9.4375,98.63816351522206,1.4899612580617116
idle,R18,311,17,16,5220235.455154861,5296842.0582026895,9.4375,101.46749325209423,1.4674932520942319
idle,R19,312,18,16,5014615.843792796,5170445.103916376,9.4375,103.10750145131193,3.1075014513119337
idle,R20,313,19,16,4783611.680034373,5192996.934854418,9.4375,108.55807875310445,8.558078753104459
idle,S03,314,2,17,4605930.485113044,4541360.606270854,9.4375,98.598114343,2.456923797242838
idle,S04,315,3,17,4833706.8932106765,4723855.552288481,9.4375,97.72738928219891,3.411271807425642
idle,S05,316,4,17,5046202.20778458,5046432.080564317,9.4375,100.00455536203808,0.9016067126006444
idle,S06,317,5,17,5226981.293094191,5020396.150861518,9.4375,96.04771605925566,4.690371453169851
idle,S07,318,6,17,5385198.132940032,5377789.916878307,9.4375,99.86243373263446,0.4812695844835235
idle,S08,319,7,17,5509539.617519944,5445602.860904984,9.4375,98.83952632972009,1.7498396133164507
idle,S09,320,8,17,5606327.068053453,5564636.813719896,9.4375,99.25637134923645,1.3840773689012598
idle,S10,321,9,17,5669996.50792712,5889063.528320645,9.4375,103.86361825950425,3.8636182595042534
idle,S11,322,10,17,5703093.806537875,5535452.868953428,9.4375,97.06052638670842,3.6934034133773386
idle,S12,323,11,17,5703093.806537876,5879881.1726631,9.4375,103.09985022379537,3.099850223795375
idle,S13,324,12,17,5669996.507927121,5441139.018452937,9.4375,95.96371022179251,4.450630220808849
idle,S14,325,13,17,5606327.068053454,5647706.667940406,0,100.73808751049766,0.7380875104976647
idle,S15,326,14,17,5509539.617519945,5371627.646654083,0,97.49685127179572,2.5904219940693807
idle,S16,327,15,17,5385198.1329400325,5134014.911185474,9.4375,95.33567353412444,4.835444858634174
idle,S17,328,16,17,5226981.293094191,5431260.257526178,9.4375,103.9081632968895,3.9081632968894997
idle,S18,329,17,17,5046202.20778458,5058710.718465342,9.4375,100.2478796957733,0.29581327527874457
idle,S19,330,18,17,4833706.893210676,5157854.028780803,9.4375,106.70597416706045,6.705974167060447
idle,S20,331,19,17,4605930.485113044,4671057.871032943,9.4375,101.41398977102236,1.4139897710223615
idle,T04,332,3,18,4634829.928441549,4916147.691432569,9.4375,106.06964586261773,6.069645862617734
idle,T05,333,4,18,4840705.940506407,4848073.835124228,9.4375,100.15220702741242,0.9209538764385905
idle,T06,334,5,18,5030143.834856761,5214713.677501542,9.4375,103.66927564507779,3.6692756450777964
idle,T07,335,6,18,5184383.497814639,4974553.987211192,9.4375,95.95266224630382,4.791208944133274
idle,T08,336,7,18,5312956.894543577,5105721.924568497,9.4375,96.09944190987298,4.584877389378573
idle,T09,337,8,18,5406235.561291306,5526610.432588732,9.4375,102.22659316140997,2.226593161409962
idle,T10,338,9,18,5472666.261587133,5387058.966390203,9.4375,98.43572965890847,2.399582246667975
idle,T11,339,10,18,5505602.011222798,5731862.69453891,9.4375,104.10964473739466,4.109644737394658
idle,T12,340,11,18,5505602.011222798,5365317.008214427,9.4375,97.45195888256345,3.4521617392419546
idle,T13,341,12,18,5472666.261587133,5664560.704832328,9.4375,103.50641596020773,3.5064159602077316
idle,T14,342,13,18,5406235.561291306,5222668.517028245,9.4375,96.60453115329634,3.7591720806203544
idle,T15,343,14,18,5312956.894543577,5263233.038709444,9.4375,99.06410202790842,1.0909001932924323
idle,T16,344,15,18,5184383.497814638,5103669.745183271,9.4375,98.44313691945456,1.7685777558641202
idle,T17,345,16,18,5030143.834856762,4931443.629714254,9.4375,98.03782539062686,2.274577092349228
idle,T18,346,17,18,4840705.940506408,5001963.490707989,9.4375,103.3312816804714,3.3312816804714096
idle,T19,347,18,18,4634829.928441549,4698294.7848335,9.4375,101.36930280877192,1.3693028087719217
idle,U05,348,4,19,4621144.824327538,4796684.3830786245,9.4375,103.79861626121252,3.7986162612125174
idle,U06,349,5,19,4804428.858754163,4798622.526248649,9.4375,99.87914624867565,0.9982804470198059
idle,U07,350,6,19,4968052.809953903,4943108.042924362,9.4375,99.49789650022315,1.3499319405245735
idle,U08,351,7,19,5090752.3661602335,5267978.785679416,9.4375,103.4813404143808,3.481340414380796
idle,U09,352,8,19,5184845.259658251,5048726.413429622,9.4375,97.37467871437302,3.3550001430171172
idle,U10,353,9,19,5250976.539444979,5282998.174096357,9.4375,100.6098224665609,0.6098224665608942
idle,U11,354,10,19,5287373.958214552,5277027.831323277,9.4375,99.80432390496607,1.1256353789087736
idle,U12,355,11,19,5287373.958214552,5473514.586915666,9.4375,103.52047406088845,3.5204740608884455
idle,U13,356,12,19,5250976.539444979,5192314.3263199255,9.4375,98.88283231348709,1.8848682212770695
idle,U14,357,13,19,5184845.259658251,5205140.642116872,9.25,100.39143660885182,0.39143660885181397
idle,U15,358,14,19,5090752.3661602335,4924105.448344752,9.4375,96.72647762395134,3.519344287813775
idle,U16,359,15,19,4968052.809953903,4822161.388208517,9.4375,97.06340839507422,3.1433509659706593
idle,U17,360,16,19,4804428.858754164,4850726.528043898,0,100.96364564136225,0.963645641362243
idle,U18,361,17,19,4621144.824327538,4455858.207284573,9.4375,96.42325390511827,3.8873313953539212
idle,V06,362,5,20,4567696.552863375,4621863.580277323,9.4375,101.18587184562406,1.1858718456240647
idle,V07,363,6,20,4730657.414704839,4714395.492836474,9.4375,99.65624393307756,1.2374072114356371
idle,V08,364,7,20,4856359.244297651,4839990.110514682,9.4375,99.66293404257131,1.1680684775177697
idle,V09,365,8,20,4932427.525751918,5070544.197390113,9.4375,102.80017640233123,2.8001764023312337
idle,V10,366,9,20,5010924.366932793,4871300.363720732,9.4375,97.21360784981225,3.5937794933966316
idle,V11,367,10,20,5051386.3627222525,5010132.574778295,9.4375,99.1833175096564,1.6991441197155677
idle,V12,368,11,20,5051386.362722253,4874678.599724928,9.4375,96.50179672849069,4.398664694738896
idle,V13,369,12,20,5010924.366932793,5160699.873999458,9.4375,102.98897959935371,2.988979599353714
idle,V14,370,13,20,4932427.525751918,4742729.629529397,9.4375,96.15406622333286,4.351556550570734
idle,V15,371,14,20,4856359.244297652,4894499.547028776,0,100.78536823188912,0.7853682318891275
idle,V16,372,15,20,4730657.41470484,4716634.386256196,0,99.70357125407021,0.5428437262286256
idle,V17,373,16,20,4567696.552863376,4331166.501053246,9.4375,94.82167764270909,5.374888906309061
idle,W09,374,8,21,4637876.917895917,4552390.197943609,9.4375,98.15677040452616,2.646056029213728
idle,W10,375,9,21,4753795.2844480425,4751098.174344819,9.4375,99.94326406709084,0.7800844602757095
idle,W11,376,10,21,4807430.466142967,4655098.842006758,9.4375,96.83132964253925,4.051756242609272
idle,W12,377,11,21,4807430.466142967,4755193.155021522,9.4375,98.91340474939089,1.947762513673812
idle,W13,378,12,21,4753795.284448043,4590419.031629929,9.4375,96.56324593209563,4.249279750489587
idle,W14,379,13,21,4637876.917895916,4738787.003805373,9.4375,102.17578188675256,2.175781886752559
oldest,A09,0,8,0,4637876.917895916,4383990.401050314,5.229166666666667,94.52580304867635,12.748491951495843
oldest,A10,1,9,0,4753795.284448043,4770351.008876576,5.208333333333333,100.3482633020125,7.718071167836882
oldest,A11,2,10,0,4807430.466142967,4885484.880843928,5.625,101.62362025307846,6.967321376392121
oldest,A12,3,11,0,4807430.466142967,5098260.13211143,5.625,106.04958653103094,6.049586531030937
oldest,A13,4,12,0,4753795.2844480425,4903456.737753664,5.625,103.14825196186375,6.247529262809282
oldest,A14,5,13,0,4637876.917895917,4994176.938035431,5.645833333333333,107.6823949071326,7.682394907132606
oldest,B06,6,5,1,4567696.552863376,4663147.520377927,10.041666666666666,102.08969589835637,4.483699693276588
oldest,B07,7,6,1,4730657.41470484,4594398.730723581,8.854166666666666,97.11966705604786,8.914795892821148
oldest,B08,8,7,1,4856359.244297651,4727981.46464733,5.229166666666667,97.35650158498753,8.912719389940483
oldest,B09,9,8,1,4932427.525751918,4865632.822273782,5.229166666666667,98.645804664551,8.44786763919525
oldest,B10,10,9,1,5010924.366932793,4988538.953651317,5.208333333333333,99.55326778769209,8.050833736650487
oldest,B11,11,10,1,5051386.362722253,5239778.011406192,5.604166666666667,103.72950384619584,4.8390166516311
oldest,B12,12,11,1,5051386.3627222525,5139344.867950467,5.625,101.74127455142458,6.957767237196588
oldest,B13,13,12,1,5010924.366932793,5325836.873260063,5.625,106.28451924769382,6.2845192476938205
oldest,B14,14,13,1,4932427.525751918,5312049.245121038,5.645833333333333,107.69644799415981,7.696447994159805
oldest,B15,15,14,1,4856359.244297651,5713718.05994322,5.666666666666667,117.6543532411092,17.6543532411092
oldest,B16,16,15,1,4730657.41470484,5386819.8804035885,5.645833333333333,113.87042874123847,13.870428741238472
oldest,B17,17,16,1,4567696.552863376,5334080.2484125355,5.645833333333333,116.77834082626903,16.778340826269034
oldest,C05,18,4,2,4621144.824327538,4851070.967698732,10.020833333333334,104.97552342789112,4.975523427891115
oldest,C06,19,5,2,4804428.858754164,4743513.026098029,10.041666666666666,98.7320900267856,7.681007596127277
oldest,C07,20,6,2,4968052.809953903,4941837.761087901,10.0625,99.47232749190029,6.613366432106194
oldest,C08,21,7,2,5090752.3661602335,4998931.236400729,8.875,98.1963151386057,7.6943257162683025
oldest,C09,22,8,2,5184845.259658251,5065670.611265619,5.208333333333333,97.70148109684402,8.706977336205169
oldest,C10,23,9,2,5250976.539444979,5337954.840269515,5.1875,101.65642143268326,5.641892641091628
oldest,C11,24,10,2,5287373.958214552,5410033.337658479,5.604166666666667,102.31985443839018,5.529831392017693
oldest,C12,25,11,2,5287373.958214552,5770085.4546670765,5.625,109.1295130676841,9.129513067684103
oldest,C13,26,12,2,5250976.539444979,5592211.335561624,5.625,106.49850163209284,6.498501632092846
oldest,C14,27,13,2,5184845.259658251,5834910.838096671,5.625,112.53780095418446,12.537800954184464
oldest,C15,28,14,2,5090752.3661602335,5748591.0413236,5.645833333333333,112.92222893292197,12.922228932921964
oldest,C16,29,15,2,4968052.809953903,5862293.559054805,5.645833333333333,117.99982373998152,17.999823739981522
oldest,C17,30,16,2,4804428.858754163,5388265.379556768,5.645833333333333,112.15204841130688,12.152048411306883
oldest,C18,31,17,2,4621144.824327538,5563840.183749053,5.645833333333333,120.39960648839208,20.399606488392074
oldest,D04,32,3,3,4634829.928441549,5200184.443226893,10.0625,112.19795598790058,12.197955987900588
oldest,D05,33,4,3,4840705.940506408,4957121.179689142,10.041666666666666,102.40492276567734,6.301214697309298
oldest,D06,34,5,3,5030143.83485676,5307586.6708984375,10.020833333333334,105.5156044270368,5.515604427036802
oldest,D07,35,6,3,5184383.497814638,5130485.167610523,10.041666666666666,98.96037146505783,7.264601173929252
oldest,D08,36,7,3,5312956.894543577,5153306.627615815,8.854166666666666,96.99507693932688,8.6021625522537
oldest,D09,37,8,3,5406235.561291306,5428187.014635109,5.208333333333333,100.40603952778113,5.394074030480622
oldest,D10,38,9,3,5472666.261587133,5394230.40210694,5.1875,98.56677064284483,7.714701451536277
oldest,D11,39,10,3,5505602.011222798,5772459.062954032,5.5625,104.84700948574313,4.847009485743126
oldest,D12,40,11,3,5505602.011222798,5736920.953935317,5.583333333333333,104.20151951123584,4.2015195112358406
oldest,D13,41,12,3,5472666.261587133,5901304.50505838,5.604166666666667,107.83234757945823,7.832347579458232
oldest,D14,42,13,3,5406235.561291306,5841465.815660846,5.625,108.05052331581318,8.050523315813173
oldest,D15,43,14,3,5312956.894543577,6215364.061865236,5.645833333333333,116.98502708065321,16.985027080653214
oldest,D16,44,15,3,5184383.497814639,5807650.418457515,5.645833333333333,112.02200649133307,12.02200649133307
oldest,D17,45,16,3,5030143.834856761,5851897.476953767,5.645833333333333,116.3365833875883,16.3365833875883
oldest,D18,46,17,3,4840705.940506407,5416877.491205672,5.666666666666667,111.90263481774289,11.902634817742896
oldest,D19,47,18,3,4634829.928441549,5131467.063653516,5.666666666666667,110.71532597484024,10.71532597484024
oldest,E03,48,2,4,4605930.485113044,4950958.7008017115,10.020833333333334,107.4909557754691,7.490955775469099
oldest,E04,49,3,4,4833706.893210676,5118356.629899898,10.020833333333334,105.8888497581232,5.888849758123205
oldest,E05,50,4,4,5046202.20778458,5434748.740957085,10.020833333333334,107.69978128448973,7.699781284489737
oldest,E06,51,5,4,5226981.293094191,5365644.947902542,10.020833333333334,102.65284390804213,6.042290332100519
oldest,E07,52,6,4,5385198.1329400325,5767140.047921121,10,107.09243941545692,7.092439415456919
oldest,E08,53,7,4,5509539.617519945,5795041.847952035,10,105.18196165654592,5.181961656545919
oldest,E09,54,8,4,5606327.068053454,5599671.352405394,8.854166666666666,99.88128206636416,5.451536008716229
oldest,E10,55,9,4,5669996.507927121,5856450.142678555,5.145833333333333,103.28842591861842,3.2884259186184206
oldest,E11,56,10,4,5703093.806537876,5765727.82674425,5.541666666666667,101.09824636120437,5.303001529662888
oldest,E12,57,11,4,5703093.806537875,6069957.493536292,5.541666666666667,106.43271353134422,6.432713531344225
oldest,E13,58,12,4,5669996.50792712,6113093.137346864,5.5625,107.81476018195528,7.8147601819552825
oldest,E14,59,13,4,5606327.068053453,6386703.554946073,5.583333333333333,113.91956761387401,13.919567613874007
oldest,E15,60,14,4,5509539.617519944,6066864.195625393,5.625,110.11562883281928,10.11562883281929
oldest,E16,61,15,4,5385198.132940032,6258920.105693764,5.645833333333333,116.22450931581095,16.22450931581094
oldest,E17,62,16,4,5226981.293094191,5739415.638338593,5.645833333333333,109.8036384006467,9.803638400646708
oldest,E18,63,17,4,5046202.20778458,5803411.46693304,5.666666666666667,115.00552748322971,15.00552748322972
oldest,E19,64,18,4,4833706.893210676,5263696.376712634,5.6875,108.89564661245623,8.895646612456233
oldest,E20,65,19,4,4605930.485113044,4952593.841950307,5.6875,107.52645655330065,7.526456553300642
oldest,F03,66,2,5,4783611.680034372,5071870.192965898,10.020833333333334,106.02595971856677,6.025959718566765
oldest,F04,67,3,5,5014615.843792796,5611167.9149061525,10,111.89626662731867,11.896266627318663
oldest,F05,68,4,5,5220235.455154861,5836179.492377499,10.020833333333334,111.79916198251954,11.799161982519536
oldest,F06,69,5,5,5404778.628483014,5747252.034370275,10,106.33649274888775,6.336492748887745
oldest,F07,70,6,5,5558070.463898022,5736083.421598004,10,103.20278339139905,4.853456798516087
oldest,F08,71,7,5,5685102.954659442,5867627.309816133,10,103.21057255448815,3.7917483873325497
oldest,F09,72,8,5,5779372.729633639,6255256.296891861,8.833333333333334,108.23417331812044,8.23417331812044
oldest,F10,73,9,5,5844171.611915346,5989770.466561769,8.833333333333334,102.49135145774244,2.491351457742441
oldest,F11,74,10,5,5876133.644191159,6110533.6867970005,5.520833333333333,103.98901823544394,3.9890182354439307
oldest,F12,75,11,5,5876133.644191159,6459454.063245585,5.5,109.9269426867285,9.926942686728491
oldest,F13,76,12,5,5844171.611915346,6370687.727424765,5.541666666666667,109.00925144696187,9.009251446961875
oldest,F14,77,13,5,5779372.729633639,6288314.317458021,5.583333333333333,108.80617346610633,8.806173466106326
oldest,F15,78,14,5,5685102.954659442,6545602.362120347,5.604166666666667,115.13603912406987,15.136039124069868
oldest,F16,79,15,5,5558070.463898023,6131571.910967976,5.625,110.31835509814212,10.318355098142117
oldest,F17,80,16,5,5404778.628483014,5906632.055388632,5.645833333333333,109.28536507047424,9.285365070474239
oldest,F18,81,17,5,5220235.455154861,5593119.023875635,5.666666666666667,107.14304118892875,7.143041188928745
oldest,F19,82,18,5,5014615.843792795,5573336.658903779,5.708333333333333,111.14184680373036,11.14184680373036
oldest,F20,83,19,5,4783611.680034373,4866830.884600267,5.6875,101.73967307825656,7.216780826240832
oldest,G02,84,1,6,4658494.145209977,4790671.093155237,10.020833333333334,102.83733206107317,6.429672579937229
oldest,G03,85,2,6,4928045.372922851,5170840.452051022,10.020833333333334,104.92680283469404,5.175935829121913
oldest,G04,86,3,6,5162124.327846742,5465166.977687862,10,105.87050273482133,5.870502734821326
oldest,G05,87,4,6,5371899.296747004,6049774.747137263,9.979166666666666,112.6189158236967,12.618915823696696
oldest,G06,88,5,6,5552571.304517052,5930116.916824164,9.979166666666666,106.79947346196124,6.799473461961236
oldest,G07,89,6,6,5708036.136999339,6288273.756645642,10.020833333333334,110.1652758623096,10.165275862309597
oldest,G08,90,7,6,5832223.427286435,6217302.9938449925,9.979166666666666,106.60262027611867,6.602620276118665
oldest,G09,91,8,6,5927869.242600707,6471908.562591634,8.791666666666666,109.1776538537858,9.177653853785795
oldest,G10,92,9,6,5991185.061668024,6450188.376314972,8.791666666666666,107.66131090798179,7.661310907981789
oldest,G11,93,10,6,6023513.350534234,6102669.998502475,5.520833333333333,101.31412754254492,3.5479018609381408
oldest,G12,94,11,6,6023513.350534234,6514245.998546362,5.5,108.14695044991647,8.146950449916467
oldest,G13,95,12,6,5991185.0616680235,6241110.121594921,5.541666666666667,104.171546319374,4.171546319373998
oldest,G14,96,13,6,5927869.242600706,6700235.040599504,5.583333333333333,113.02940004897847,13.029400048978479
oldest,G15,97,14,6,5832223.427286436,6463314.537860033,12.166666666666666,110.82076361514197,10.82076361514197
oldest,G16,98,15,6,5708036.136999341,6331444.698823122,5.604166666666667,110.92159451799655,10.921594517996546
oldest,G17,99,16,6,5552571.304517053,5877792.256820908,5.645833333333333,105.85712338424696,5.857123384246954
oldest,G18,100,17,6,5371899.296747003,5705475.595235233,5.666666666666667,106.20965286319179,6.209652863191795
oldest,G19,101,18,6,5162124.327846741,5358271.770793306,5.6875,103.79974271228727,5.067056066453512
oldest,G20,102,19,6,4928045.372922851,5041956.325089199,5.708333333333333,102.311483428952,6.514139286750709
oldest,G21,103,20,6,4658494.145209977,4527796.400727995,5.708333333333333,97.19442076327668,11.141061189634938
oldest,H02,104,1,7,4807472.0116356285,5016464.074489585,10.020833333333334,104.34723410449669,4.524883360698007
oldest,H03,105,2,7,5055959.639595347,5203874.8064795025,10,102.9255606735024,6.379660734921099
oldest,H04,106,3,7,5287643.482181484,5622060.137368331,9.979166666666666,106.32449325136571,6.324493251365704
oldest,H05,107,4,7,5493613.714834098,6101457.317522949,9.9375,111.06454938845671,11.064549388456712
oldest,H06,108,5,7,5675526.242933749,6227417.662300963,9.958333333333334,109.72405721944006,9.724057219440052
oldest,H07,109,6,7,5828208.785565562,5988791.638742092,9.979166666666666,102.75526939896591,4.7297279442392925
oldest,H08,110,7,7,5953475.132211619,6093466.393851144,9.979166666666666,102.35142095214431,4.0606112572483255
oldest,H09,111,8,7,6047455.501500435,6539632.518575452,10,108.13858021696734,8.13858021696734
oldest,H10,112,9,7,6111329.244445109,6208641.882737207,8.8125,101.59233178903837,2.5165903893121455
oldest,H11,113,10,7,6143075.92962072,6499487.862551554,5.5,105.80184808089842,5.801848080898431
oldest,H12,114,11,7,6143075.9296207195,6211675.295173705,5.520833333333333,101.11669408516038,4.442156891100824
oldest,H13,115,12,7,6111329.24444511,6606471.562662906,5.541666666666667,108.10203964494067,8.102039644940673
oldest,H14,116,13,7,6047455.501500435,6422756.581739334,5.583333333333333,106.20593372114575,6.205933721145751
oldest,H15,117,14,7,5953475.132211618,6738226.756678135,5.583333333333333,113.18140425615577,13.181404256155771
oldest,H16,118,15,7,5828208.785565563,6591535.811254135,5.583333333333333,113.09711188760203,13.097111887602031
oldest,H17,119,16,7,5675526.242933749,6220308.889384987,5.625,109.59880411317829,9.598804113178282
oldest,H18,120,17,7,5493613.714834097,5583456.729974636,5.666666666666667,101.63540830870473,6.567761427359553
oldest,H19,121,18,7,5287643.482181484,5552883.191427984,5.666666666666667,105.01621771854165,5.01621771854166
oldest,H20,122,19,7,5055959.6395953465,5037914.58619285,5.708333333333333,99.64309340483697,8.674102142844609
oldest,H21,123,20,7,4807472.0116356285,4937605.529469611,5.708333333333333,102.7069012054364,6.045006703915645
oldest,J01,124,0,8,4606486.835566402,4942722.080931892,10.041666666666666,107.29916870204508,7.299168702045078
oldest,J02,125,1,8,4897950.82359485,5022432.355054125,10.041666666666666,102.5415022719218,5.319844514060579
oldest,J03,126,2,8,5153665.749412325,5366501.896282529,10.020833333333334,104.12980113998418,4.223403794745351
oldest,J04,127,3,8,5382481.659498054,5416008.1669919975,10,100.62288196439614,7.860593581315389
oldest,J05,128,4,8,5588546.921177312,6002898.401699785,9.958333333333334,107.41429724696997,7.414297246969959
oldest,J06,129,5,8,5767794.937449864,5952992.591505341,9.979166666666666,103.21089178904406,4.369521786910601
oldest,J07,130,6,8,5921021.376589866,6355902.413101739,10.020833333333334,107.34469627539728,7.344696275397289
oldest,J08,131,7,8,6044592.137655852,6358903.945053965,9.958333333333334,105.19988446267618,5.199884462676185
oldest,J09,132,8,8,6139052.374226681,6133930.879918595,9.9375,99.91657516509245,4.239979024367024
oldest,J10,133,9,8,6202091.960793213,6507033.485423071,9.875,104.9167527111426,4.916752711142602
oldest,J11,134,10,8,6234006.704951216,6152961.449411875,5.520833333333333,98.69994917594535,5.422134652506639
oldest,J12,135,11,8,6234006.704951215,6450976.879766,5.520833333333333,103.48042896140073,3.4804289614007278
oldest,J13,136,12,8,6202091.960793214,6427392.453388651,5.5625,103.63265320829944,3.632653208299441
oldest,J14,137,13,8,6139052.374226682,6736264.716266551,5.604166666666667,109.72808677357307,9.728086773573065
oldest,J15,138,14,8,6044592.137655852,6469727.946401761,5.604166666666667,107.03332497981874,7.033324979818745
oldest,J16,139,15,8,5921021.376589868,6595113.7385859955,5.625,111.38473109827483,11.384731098274825
oldest,J17,140,16,8,5767794.937449865,5948542.37700793,5.645833333333333,103.13373553529937,4.2468818915448185
oldest,J18,141,17,8,5588546.921177311,5946864.752255428,5.666666666666667,106.41164574856306,6.411645748563055
oldest,J19,142,18,8,5382481.659498054,5419020.087068832,5.6875,100.67883979699775,7.148090597117795
oldest,J20,143,19,8,5153665.749412326,5278376.807343582,5.708333333333333,102.41985149978878,5.791543828735557
oldest,J21,144,20,8,4897950.823594849,4794141.950939275,5.75,97.88056523239278,9.84118031629414
oldest,J22,145,21,8,4606486.835566402,4597564.100508576,5.770833333333333,99.8063006500109,7.950226208027955
oldest,K01,146,0,9,4724551.158262206,4824704.4113577,10.0625,102.11984693869485,4.91318354033925
oldest,K02,147,1,9,4980411.436454464,5336467.813394513,10.0625,107.14913579897978,7.149135798979778
oldest,K03,148,2,9,5223557.861038766,5342021.464251224,10.041666666666666,102.2678719440642,5.080290864600223
oldest,K04,149,3,9,5449310.707698692,5560465.668146589,10.020833333333334,102.03979854352696,5.181446426693837
oldest,K05,150,4,9,5652159.196601739,5647045.560862444,10,99.90952774751338,6.79642677142801
oldest,K06,151,5,9,5831165.6294557275,5946595.1529308725,10,101.97952743602517,3.923240543518014
oldest,K07,152,6,9,5982803.020561033,5858727.233968108,10,97.92612616249416,6.785797794753723
oldest,K08,153,7,9,6106600.609385954,6014806.8881645845,9.979166666666666,98.49681144890529,5.589764802647778
oldest,K09,154,8,9,6200209.890353879,6334202.761081311,9.916666666666666,102.1611021739102,2.16110217391019
oldest,K10,155,9,9,6263425.787997051,6235501.830246464,9.875,99.55417436566265,3.963370077421402
oldest,K11,156,10,9,6295063.374039246,6338316.517722787,5.5,100.68709623896588,2.9524921880814903
oldest,K12,157,11,9,6295063.374039248,6217879.440516237,5.541666666666667,98.77389743459429,5.077299454161088
oldest,K13,158,12,9,6263425.78799705,6361077.50364876,5.5625,101.55907835355605,2.6693084586176807
oldest,K14,159,13,9,6200209.890353878,6344787.474697712,5.604166666666667,102.3318175819945,2.3318175819944997
oldest,K15,160,14,9,6106600.609385955,6492157.528701304,5.604166666666667,106.31377330822556,6.3137733082255565
oldest,K16,161,15,9,5982803.020561031,6068575.755838847,5.645833333333333,101.43365467629539,4.393091353374445
oldest,K17,162,16,9,5831165.6294557275,6044438.65360276,5.666666666666667,103.65746812386358,3.657468123863583
oldest,K18,163,17,9,5652159.19660174,5707743.43278451,5.6875,100.98341596988614,5.891842134550784
oldest,K19,164,18,9,5449310.707698692,5510286.909013703,5.729166666666667,101.11897090450111,6.125579265457337
oldest,K20,165,19,9,5223557.861038766,5176178.531275264,5.75,99.09296822158528,8.151491439592872
oldest,K21,166,20,9,4980411.436454463,5144785.2896206435,5.791666666666667,103.30040711020449,4.093784171379666
oldest,K22,167,21,9,4724551.158262205,4628153.836500929,5.791666666666667,97.95965122331887,9.323328430829658
oldest,L01,168,0,10,4778938.89610593,5076716.432981579,10.0625,106.23103880064859,6.231038800648592
oldest,L02,169,1,10,5023043.443419824,5047761.146625805,10.0625,100.49208619205474,6.2759921568537935
oldest,L03,170,2,10,5260960.897591241,5350359.715856189,10.0625,101.69928687943452,5.213390994511613
oldest,L04,171,3,10,5483064.860220667,5488479.772578435,10.041666666666666,100.09875703636214,6.3283643855460365
oldest,L05,172,4,10,5684975.115295151,5681550.642369953,10.041666666666666,99.93976274555742,5.9137549885751035
oldest,L06,173,5,10,5862718.16700525,5650115.6616437845,10.041666666666666,96.37365298304856,8.569869322394908
oldest,L07,174,6,10,6014309.670745321,6065291.809764688,10.020833333333334,100.84768064516787,3.434660752763996
oldest,L08,175,7,10,6137490.489109186,6177713.445867876,10,100.65536487315237,3.003462425369474
oldest,L09,176,8,10,6231186.077215911,6111610.147206854,9.9375,98.08100851864653,5.229979286650554
oldest,L10,177,9,10,6294121.029825143,6556677.78213441,9.125,104.17146017792037,4.171460177920361
oldest,L11,178,10,10,6325798.143363796,6286993.511798329,9.125,99.38656544698354,3.6171908753984683
oldest,L12,179,11,10,6325798.143363795,6308731.699409972,5.520833333333333,99.73020884373733,3.101182701895655
oldest,L13,180,12,10,6294121.029825143,6089273.162106864,5.5625,96.7454094583248,6.059595395073725
oldest,L14,181,13,10,6231186.07721591,6494880.576258443,5.583333333333333,104.23185081900735,4.231850819007343
oldest,L15,182,14,10,6137490.4891091855,6162482.926238656,5.645833333333333,100.40720938262663,3.5551089415679082
oldest,L16,183,15,10,6014309.6707453225,6340465.215433254,5.708333333333333,105.42299220597853,5.422992205978527
oldest,L17,184,16,10,5862718.16700525,5780811.176637081,5.708333333333333,98.60291782693679,6.728766754440818
oldest,L18,185,17,10,5684975.115295151,5723472.3947784165,11.291666666666666,100.67717586625295,5.824435839155773
oldest,L19,186,18,10,5483064.860220666,5722991.305281394,11.291666666666666,104.375772513679,10.257926622132086
oldest,L20,187,19,10,5260960.897591241,5317878.428733895,11.291666666666666,101.08188470225494,6.981656331212793
oldest,L21,188,20,10,5023043.443419824,4867304.945165688,11.3125,96.89951918576071,10.214774092620448
oldest,L22,189,21,10,4778938.89610593,4903240.022402562,5.791666666666667,102.60101936850286,4.779387707142657
oldest,M01,190,0,11,4778938.89610593,5143154.818987029,8.291666666666666,107.62127180947796,7.621271809477959
oldest,M02,191,1,11,5023043.443419824,5145360.28073709,8.291666666666666,102.4351140637157,4.697085483387964
oldest,M03,192,2,11,5260960.897591241,5524574.993732191,8.270833333333334,105.01075946528414,5.010759465284131
oldest,M04,193,3,11,5483064.860220666,5472190.457074844,10.083333333333334,99.80167290697736,6.509926701061907
oldest,M05,194,4,11,5684975.115295151,5737532.383649047,10.0625,100.92449425526056,4.5826904612192525
oldest,M06,195,5,11,5862718.16700525,5663557.132357585,10.0625,96.6029232691327,8.068272392239296
oldest,M07,196,6,11,6014309.6707453225,5984257.867464426,10.0625,99.50032830156596,4.722934069995588
oldest,M08,197,7,11,6137490.4891091855,5948055.859186634,10.041666666666666,96.91348393518983,6.625603315005046
oldest,M09,198,8,11,6231186.07721591,6234765.531640798,9.958333333333334,100.05744419088968,2.6870894058247274
oldest,M10,199,9,11,6294121.029825143,6276639.07496323,9.125,99.72224946455472,2.969657498371747
oldest,M11,200,10,11,6325798.143363795,6331762.432044444,9.166666666666666,100.09428515652061,2.583005784257708
oldest,M12,201,11,11,6325798.143363796,6273869.206941592,9.208333333333334,99.17909273667416,3.3139154028375972
oldest,M13,202,12,11,6294121.029825143,6324730.093910107,9.25,100.48631197175779,2.9279465685037587
oldest,M14,203,13,11,6231186.077215911,6047147.4459905755,0.10416666666666667,97.0464911664528,5.857332449408769
oldest,M15,204,14,11,6137490.489109186,6206745.749970478,0.10416666666666667,101.128397037587,2.5350058992019697
oldest,M16,205,15,11,6014309.670745322,5863699.80016127,5.729166666666667,97.4958078511214,6.244118485064931
oldest,M17,206,16,11,5862718.16700525,5893696.026486458,11.291666666666666,100.52838732135459,4.177305229614847
oldest,M18,207,17,11,5684975.115295151,5648758.825400101,11.291666666666666,99.36294725727801,6.902728590660057
oldest,M19,208,18,11,5483064.860220667,5563130.807324338,11.270833333333334,101.46024074390483,6.5178251285158195
oldest,M20,209,19,11,5260960.897591241,5254926.840715836,11.291666666666666,99.88530504231332,7.925019911054553
oldest,M21,210,20,11,5023043.443419824,5073359.998909878,11.291666666666666,101.0017145194308,6.6183951778822525
oldest,M22,211,21,11,4778938.89610593,4591824.4335764395,11.291666666666666,96.08460232287216,11.03627081172509
oldest,N01,212,0,12,4724551.158262205,4707949.680000234,8.291666666666666,99.64861258337866,7.477871914054967
oldest,N02,213,1,12,4980411.436454463,5289025.080113355,8.270833333333334,106.19654917262405,6.196549172624044
oldest,N03,214,2,12,5223557.861038766,5568377.708641891,8.270833333333334,106.60124491345357,8.280839909091886
oldest,N04,215,3,12,5449310.707698692,5603828.393262189,8.291666666666666,102.83554551854048,4.1322067404886536
oldest,N05,216,4,12,5652159.19660174,5659460.208286463,8.333333333333334,100.12917208151377,5.293896401375697
oldest,N06,217,5,12,5831165.6294557275,6097857.642273424,10.145833333333334,104.57356264192738,4.573562641927387
oldest,N07,218,6,12,5982803.020561031,5908236.173241934,10.166666666666666,98.75364696008153,5.785473344277792
oldest,N08,219,7,12,6106600.609385955,6434907.55147654,10.25,105.37626353991402,5.376263539914028
oldest,N09,220,8,12,6200209.890353878,6133638.934367793,6.916666666666667,98.92631125133917,4.442564202444643
oldest,N10,221,9,12,6263425.78799705,6583727.31821536,9.1875,105.11383931190055,5.113839311900548
oldest,N11,222,10,12,6295063.374039248,6336519.444614474,9.25,100.65854889954231,1.5779053532077758
oldest,N12,223,11,12,6295063.374039246,6602476.979908483,9.270833333333334,104.88340764188342,4.883407641883419
oldest,N13,224,12,12,6263425.787997051,6545849.627392447,9.270833333333334,104.50909532506347,6.520943448904704
oldest,N14,225,13,12,6200209.890353879,6294080.163049769,9.3125,101.51398540300917,2.1697565849617906
oldest,N15,226,14,12,6106600.609385955,5936916.668471973,11.270833333333334,97.22130278745962,6.181998626280228
oldest,N16,227,15,12,5982803.020561033,6014012.147180166,11.270833333333334,100.52164723645217,3.4712434749245458
oldest,N17,228,16,12,5831165.6294557275,5838721.849435628,11.270833333333334,100.12958335365627,4.855949548686478
oldest,N18,229,17,12,5652159.196601739,5781717.850905038,11.270833333333334,102.29219754427996,4.276667722606275
oldest,N19,230,18,12,5449310.707698692,5471401.037949022,11.270833333333334,100.40537843105774,7.281480544576735
oldest,N20,231,19,12,5223557.861038766,5545135.20320387,11.291666666666666,106.15628946246906,6.156289462469067
oldest,N21,232,20,12,4980411.436454464,4861789.621361175,11.270833333333334,97.6182326177908,9.964210296119225
oldest,N22,233,21,12,4724551.158262206,4777263.232182337,11.270833333333334,101.11570543220701,6.527134335238715
oldest,O01,234,0,13,4606486.835566402,4695601.746597595,8.291666666666666,101.93455260401791,5.2118570482862285
oldest,O02,235,1,13,4897950.823594849,4893466.38485161,8.3125,99.90844255271745,7.052642463251468
oldest,O03,236,2,13,5153665.749412326,5275762.216845034,8.3125,102.36911886353187,4.932743015585661
oldest,O04,237,3,13,5382481.659498054,5366881.80637918,8.333333333333334,99.71017359452874,6.313084961475058
oldest,O05,238,4,13,5588546.921177311,5866555.79287801,8.375,104.97461819005598,4.974618190055979
oldest,O06,239,5,13,5767794.937449865,5708404.69863295,8.375,98.97031292788691,5.999133660243105
oldest,O07,240,6,13,5921021.376589868,6253759.275171845,8.4375,105.61960306202462,5.619603062024625
oldest,O08,241,7,13,6044592.137655852,6409783.777248037,6.875,106.04162582479569,6.445739558369013
oldest,O09,242,8,13,6139052.374226682,6496699.483501201,6.916666666666667,105.8257706152828,5.825770615282799
oldest,O10,243,9,13,6202091.960793214,6124236.129372354,6.875,98.74468434339528,4.55932527767594
oldest,O11,244,10,13,6234006.704951215,6479675.715622258,6.791666666666667,103.94078836129461,3.9407883612946115
oldest,O12,245,11,13,6234006.704951216,6177460.562240297,9.354166666666666,99.09294061769283,3.6100322867787638
oldest,O13,246,12,13,6202091.960793213,6267892.79247227,9.354166666666666,101.06094575983427,2.597438851933731
oldest,O14,247,13,13,6139052.374226681,6005594.362670942,11.229166666666666,97.82608123501227,5.5134795755820925
oldest,O15,248,14,13,6044592.137655852,6003336.588141203,11.25,99.3174800122966,4.344172450740846
oldest,O16,249,15,13,5921021.376589866,5779699.137617355,11.25,97.61321180951548,6.611714184901862
oldest,O17,250,16,13,5767794.937449864,6056958.817575134,11.229166666666666,105.01342165006162,5.013421650061622
oldest,O18,251,17,13,5588546.921177312,5815111.199920634,11.25,104.05408207068596,4.05408207068596
oldest,O19,252,18,13,5382481.659498054,5898294.108902608,11.229166666666666,109.58317151892825,9.583171518928246
oldest,O20,253,19,13,5153665.749412325,5289911.021321584,11.25,102.64365751552272,6.024071381666762
oldest,O21,254,20,13,4897950.82359485,5014107.35381262,11.270833333333334,102.37153320646281,5.977983175288426
oldest,O22,255,21,13,4606486.835566402,4508534.092072555,11.270833333333334,97.8735911554645,9.821697416216036
oldest,P02,256,1,14,4807472.0116356285,4983713.404647168,8.3125,103.66598895604547,3.665988956045463
oldest,P03,257,2,14,5055959.6395953465,5086624.586629165,8.333333333333334,100.60651091424204,5.222652843754794
oldest,P04,258,3,14,5287643.482181484,5366902.370838658,8.354166666666666,101.49894539834736,3.8597073847744467
oldest,P05,259,4,14,5493613.714834097,5423526.858629071,8.375,98.72421215172493,6.076395598329731
oldest,P06,260,5,14,5675526.242933749,5960207.965924721,8.375,105.0159528967981,5.015952896798104
oldest,P07,261,6,14,5828208.785565563,5757810.894397233,8.416666666666666,98.79211789147497,5.893983406800163
oldest,P08,262,7,14,5953475.132211618,6008604.744123935,6.895833333333333,100.92600725942458,4.380560775016007
oldest,P09,263,8,14,6047455.501500435,6156842.939729052,6.875,101.80881757958329,2.7464979428848624
oldest,P10,264,9,14,6111329.24444511,6084043.938190637,6.854166666666667,99.553529106957,4.136133028584521
oldest,P11,265,10,14,6143075.9296207195,6458335.353728883,7.333333333333333,105.13194737815373,5.131947378153723
oldest,P12,266,11,14,6143075.92962072,6101429.787066601,7.333333333333333,99.32206368550143,3.9657993954856585
oldest,P13,267,12,14,6111329.244445109,6212142.972346689,7.354166666666667,101.64962030139702,1.6496203013970145
oldest,P14,268,13,14,6047455.501500435,5886906.548737379,7.375,97.34518174258211,6.1080037724347
oldest,P15,269,14,14,5953475.132211619,5973542.563649943,7.395833333333333,100.33707088704793,3.5514533642274193
oldest,P16,270,15,14,5828208.785565562,6115859.7741067875,11.229166666666666,104.93549560636257,4.935495606362572
oldest,P17,271,16,14,5675526.242933749,5717682.326260135,11.229166666666666,100.74276959566298,5.074757114796736
oldest,P18,272,17,14,5493613.714834098,6021734.162493298,11.208333333333334,109.61335243199109,9.613352431991085
oldest,P19,273,18,14,5287643.482181485,5887625.821756885,11.208333333333334,111.3468758171243,11.346875817124303
oldest,P20,274,19,14,5055959.639595347,5572901.430908734,11.229166666666666,110.2244050222434,10.224405022243399
oldest,P21,275,20,14,4807472.0116356285,4951728.395587391,11.25,103.00067028164939,5.862045556790829
oldest,Q02,276,1,15,4658494.145209977,4587704.84250503,8.333333333333334,98.48042520826746,6.8337703460315975
oldest,Q03,277,2,15,4928045.372922852,5076549.7022371935,8.333333333333334,103.01345296312203,3.013452963122032
oldest,Q04,278,3,15,5162124.327846741,5092282.90341229,8.375,98.64704102422144,5.9278705473739475
oldest,Q05,279,4,15,5371899.296747003,5572544.773424631,8.375,103.7350937832943,3.7350937832943076
oldest,Q06,280,5,15,5552571.304517053,5506789.926073812,12,99.17549229118413,4.902264072755402
oldest,Q07,281,6,15,5708036.136999339,5789183.70145271,6.916666666666667,101.42163718844341,2.7170019089311603
oldest,Q08,282,7,15,5832223.427286436,6040070.757422135,6.875,103.56377516614457,3.563775166144567
oldest,Q09,283,8,15,5927869.242600706,5824156.670900964,6.875,98.25042409919553,5.883173716104329
oldest,Q10,284,9,15,5991185.0616680235,6007201.394144298,12.895833333333334,100.26733162657165,3.931811985260092
oldest,Q11,285,10,15,6023513.350534234,6007946.9328225395,12.895833333333334,99.74157245438306,4.738607415146479
oldest,Q12,286,11,15,6023513.350534234,6088504.881497081,12.895833333333334,101.07896384021599,3.5321642700592792
oldest,Q13,287,12,15,5991185.061668024,6081846.983818336,7.354166666666667,101.51325524444859,3.3183275252663957
oldest,Q14,288,13,15,5927869.242600707,6217394.699461613,7.354166666666667,104.88414040546353,4.884140405463522
oldest,Q15,289,14,15,5832223.427286435,5788694.756965603,7.395833333333333,99.25365221577108,5.336537188277857
oldest,Q16,290,15,15,5708036.136999339,5817873.859863019,11.229166666666666,101.92426467225242,2.7386992132548027
oldest,Q17,291,16,15,5552571.304517053,5809371.993174832,11.229166666666666,104.62489672935618,4.624896729356176
oldest,Q18,292,17,15,5371899.296747004,5634825.8271424305,11.229166666666666,104.89447988264867,4.894479882648661
oldest,Q19,293,18,15,5162124.327846742,5682447.868806348,11.208333333333334,110.07963985200347,10.079639852003464
oldest,Q20,294,19,15,4928045.372922851,5303088.35165576,11.229166666666666,107.61037998541131,7.61037998541132
oldest,Q21,295,20,15,4658494.145209977,5092017.867294226,11.229166666666666,109.30609137997978,9.306091379979776
oldest,R03,296,2,16,4783611.680034373,4670634.517882054,8.395833333333334,97.63824554104468,6.9985428839193675
oldest,R04,297,3,16,5014615.843792795,4974833.823251622,12,99.20667860150412,5.389413430840795
oldest,R05,298,4,16,5220235.455154861,5219817.620769644,12,99.99199587089879,5.067510032026212
oldest,R06,299,5,16,5404778.628483014,5529971.1145663075,11.958333333333334,102.31632957959708,3.1934774553781575
oldest,R07,300,6,16,5558070.463898023,5407278.156199845,12.9375,97.28696660688927,7.025790211516048
oldest,R08,301,7,16,5685102.954659442,5640770.974159165,12.916666666666666,99.2202079565869,5.1163070406152755
oldest,R09,302,8,16,5779372.729633639,5863398.220001451,12.895833333333334,101.45388598899277,3.2850962012607288
oldest,R10,303,9,16,5844171.611915346,5918675.576846522,12.875,101.27484218258193,4.306114510226844
oldest,R11,304,10,16,5876133.644191159,6199772.862119399,12.854166666666666,105.5076898778191,5.507689877819111
oldest,R12,305,11,16,5876133.644191159,5964734.959827214,12.895833333333334,101.50781655083085,5.352680151781675
oldest,R13,306,12,16,5844171.611915347,6115679.84923381,12.916666666666666,104.64579508180252,4.645795081802517
oldest,R14,307,13,16,5779372.729633639,5874602.743679656,7.375,101.64775691932321,4.9024031795795615
oldest,R15,308,14,16,5685102.954659443,5869245.163784758,7.375,103.23903033232484,3.402428236891797
oldest,R16,309,15,16,5558070.463898022,5803564.431304747,7.395833333333333,104.41689195920259,4.416891959202585
oldest,R17,310,16,16,5404778.628483014,5563887.448107966,11.229166666666666,102.94385451397498,3.2478853817275777
oldest,R18,311,17,16,5220235.455154861,5516725.898259484,11.229166666666666,105.67963735834647,5.679637358346468
oldest,R19,312,18,16,5014615.843792796,5387465.462650711,11.229166666666666,107.43525786365942,7.435257863659417
oldest,R20,313,19,16,4783611.680034373,5406766.825932319,11.25,113.02687566590832,13.026875665908321
oldest,S03,314,2,17,4605930.485113044,4559210.227293597,12,98.98564995779998,5.828375511877148
oldest,S04,315,3,17,4833706.8932106765,4767979.434369025,12,98.6402266357116,6.679595977421526
oldest,S05,316,4,17,5046202.20778458,5145053.592498631,11.958333333333334,101.9589263498311,4.41910281401372
oldest,S06,317,5,17,5226981.293094191,5509790.3589712,11.895833333333334,105.41056204372975,7.924265854110191
oldest,S07,318,6,17,5385198.132940032,5482332.449898673,12.895833333333334,101.80372782134965,3.828361744040576
oldest,S08,319,7,17,5509539.617519944,5534870.8232225375,12.895833333333334,100.45976991656511,4.462304817044693
oldest,S09,320,8,17,5606327.068053453,5691141.698833024,12.895833333333334,101.51283772334423,3.9688962902345026
oldest,S10,321,9,17,5669996.50792712,6121865.678304244,12.854166666666666,107.96947881264785,7.9694788126478455
oldest,S11,322,10,17,5703093.806537875,6270513.668228645,12.854166666666666,109.9493341848997,9.949334184899694
oldest,S12,323,11,17,5703093.806537876,6294951.020128156,12.916666666666666,110.37782708241255,10.37782708241255
oldest,S13,324,12,17,5669996.507927121,6236266.026496077,12.958333333333334,109.98712288053909,9.98712288053909
oldest,S14,325,13,17,5606327.068053454,5969995.809243335,7.354166666666667,106.48675570967265,6.486755709672654
oldest,S15,326,14,17,5509539.617519945,5703527.198491921,7.375,103.52093994124499,4.86256334237164
oldest,S16,327,15,17,5385198.1329400325,5847560.898229601,7.375,108.5858078732777,8.585807873277695
oldest,S17,328,16,17,5226981.293094191,5720851.00758625,11.229166666666666,109.44846914115712,9.448469141157112
oldest,S18,329,17,17,5046202.20778458,5279560.949493785,11.229166666666666,104.62444293946864,4.624442939468643
oldest,S19,330,18,17,4833706.893210676,5370212.9208637085,11.25,111.09926686714493,11.09926686714493
oldest,S20,331,19,17,4605930.485113044,4851125.723905047,11.25,105.32346807196733,5.32346807196733
oldest,T04,332,3,18,4634829.928441549,4974679.292653309,12,107.33250991856855,7.332509918568553
oldest,T05,333,4,18,4840705.940506407,4915085.273458455,11.958333333333334,101.53653896489871,4.538111463260764
oldest,T06,334,5,18,5030143.834856761,5310813.872227553,11.916666666666666,105.57976166458438,5.579761664584382
oldest,T07,335,6,18,5184383.497814639,5046807.713919283,12.916666666666666,97.34634245415394,7.847855066328247
oldest,T08,336,7,18,5312956.894543577,5181122.300420144,12.895833333333334,97.51862104774786,7.275467752968523
oldest,T09,337,8,18,5406235.561291306,5638362.899064297,12.875,104.29369632790373,4.293696327903729
oldest,T10,338,9,18,5472666.261587133,5577921.820867302,12.895833333333334,101.92329578032124,4.922460557739128
oldest,T11,339,10,18,5505602.011222798,6055806.990141519,12.916666666666666,109.99354798616328,9.993547986163275
oldest,T12,340,11,18,5505602.011222798,5686123.673789378,12.916666666666666,103.27887235943678,5.768610001601681
oldest,T13,341,12,18,5472666.261587133,6045542.076165767,12.9375,110.46794719787087,10.467947197870874
oldest,T14,342,13,18,5406235.561291306,5547537.656307029,12.958333333333334,102.61368735072232,6.1908013529748285
oldest,T15,343,14,18,5312956.894543577,5564006.518662602,10.916666666666666,104.72523359594454,4.725233595944545
oldest,T16,344,15,18,5184383.497814638,5413531.459983407,7.375,104.41996550342701,4.419965503427004
oldest,T17,345,16,18,5030143.834856762,5178082.509044455,7.395833333333333,102.94104262312622,4.43327470380196
oldest,T18,346,17,18,4840705.940506408,5212355.43424436,11.229166666666666,107.67758872994197,7.677588729941975
oldest,T19,347,18,18,4634829.928441549,4883964.833383677,11.25,105.37527608970754,5.375276089707537
oldest,U05,348,4,19,4621144.824327538,4833099.389044252,11.9375,104.58662458706989,4.586624587069887
oldest,U06,349,5,19,4804428.858754163,4840610.56769809,12.916666666666666,100.75309074205565,4.681408514837582
oldest,U07,350,6,19,4968052.809953903,4988981.335135451,12.916666666666666,100.4212621319084,4.593092666402687
oldest,U08,351,7,19,5090752.3661602335,5326070.245644827,12.895833333333334,104.62245779324924,4.622457793249235
oldest,U09,352,8,19,5184845.259658251,5141732.073552814,12.916666666666666,99.16847689860896,6.105606670298935
oldest,U10,353,9,19,5250976.539444979,5436453.331105331,12.916666666666666,103.53223424761208,3.532234247612087
oldest,U11,354,10,19,5287373.958214552,5499854.782125412,12.916666666666666,104.01864565642734,4.018645656427333
oldest,U12,355,11,19,5287373.958214552,5752528.089911535,12.916666666666666,108.79745097231704,8.797450972317034
oldest,U13,356,12,19,5250976.539444979,5518317.188329114,12.958333333333334,105.09125582405272,5.091255824052721
oldest,U14,357,13,19,5184845.259658251,5559033.450327336,12.958333333333334,107.21695965703223,7.21695965703224
oldest,U15,358,14,19,5090752.3661602335,5220787.76208187,10.895833333333334,102.5543453416831,6.096791899247378
oldest,U16,359,15,19,4968052.809953903,5090894.942733908,10.916666666666666,102.47264144483088,5.65014542240373
oldest,U17,360,16,19,4804428.858754164,5075457.886111124,10.916666666666666,105.64123302321602,5.641233023216019
oldest,U18,361,17,19,4621144.824327538,4646222.305002941,11.229166666666666,100.5426681402276,6.090596334649245
oldest,V06,362,5,20,4567696.552863375,4646080.456308886,12.916666666666666,101.71604883420669,3.4133143180299252
oldest,V07,363,6,20,4730657.414704839,4746516.335238227,12.916666666666666,100.33523713816375,4.465852774466484
oldest,V08,364,7,20,4856359.244297651,4888554.174908908,12.916666666666666,100.66294376078253,4.040997671769464
oldest,V09,365,8,20,4932427.525751918,5148316.948240274,12.895833333333334,104.37694059083908,4.376940590839085
oldest,V10,366,9,20,5010924.366932793,4995341.393777439,12.916666666666666,99.68901998884306,6.349614291199335
oldest,V11,367,10,20,5051386.3627222525,5194194.056166051,12.9375,102.82709900192306,4.426892285028716
oldest,V12,368,11,20,5051386.362722253,5117651.979602292,12.958333333333334,101.31183030007485,6.966547590034278
oldest,V13,369,12,20,5010924.366932793,5525940.547433868,17.625,110.27786777025969,10.277867770259697
oldest,V14,370,13,20,4932427.525751918,5470250.652224109,17.625,110.90382217811103,10.903822178111033
oldest,V15,371,14,20,4856359.244297652,5219853.488751899,10.875,107.48491258922131,7.484912589221304
oldest,V16,372,15,20,4730657.41470484,4979105.304279737,10.895833333333334,105.25186813998873,5.251868139988725
oldest,V17,373,16,20,4567696.552863376,4552007.521183571,10.916666666666666,99.6565220237765,7.870679123332569
oldest,W09,374,8,21,4637876.917895917,4633705.498715089,12.9375,99.91005757042124,5.515317101790629
oldest,W10,375,9,21,4753795.2844480425,4864903.86637165,12.9375,102.33726055236534,3.7459260543900252
oldest,W11,376,10,21,4807430.466142967,4815776.779255301,12.9375,100.17361276821606,6.76389638728363
oldest,W12,377,11,21,4807430.466142967,4979790.279551505,12.958333333333334,103.58527938412021,4.68966379857656
oldest,W13,378,12,21,4753795.284448043,4879090.283756351,12.979166666666666,102.63568352886814,6.886702242284059
oldest,W14,379,13,21,4637876.917895916,5102185.336963185,12.958333333333334,110.01122770799864,10.01122770799865
reserve,A09,0,8,0,4637876.917895916,4295454.113307244,0.6041666666666666,92.61681992319839,12.453530524024936
reserve,A10,1,9,0,4753795.284448043,4671721.6981639275,0.5625,98.27351450003289,7.269588621427281
reserve,A11,2,10,0,4807430.466142967,4768660.401959019,0.5833333333333334,99.19353874264033,6.404993667040893
reserve,A12,3,11,0,4807430.466142967,4970869.56691526,0.5208333333333334,103.39971845507358,3.399718455073586
reserve,A13,4,12,0,4753795.2844480425,4757994.460161534,0.7083333333333334,100.08833312042758,5.574005846060725
reserve,A14,5,13,0,4637876.917895917,4839544.255378161,0.75,104.34826842221882,4.348268422218826
reserve,B06,6,5,1,4567696.552863376,4587479.978506189,0.2708333333333333,100.43311602278857,5.504824845613399
reserve,B07,7,6,1,4730657.41470484,4518163.008978686,0.4791666666666667,95.50814216506922,9.598035405274896
reserve,B08,8,7,1,4856359.244297651,4651426.900506859,0.5416666666666666,95.78012388536898,9.179054062779802
reserve,B09,9,8,1,4932427.525751918,4773832.313268781,0.5416666666666666,96.7846418086202,8.293606218451544
reserve,B10,10,9,1,5010924.366932793,4883149.048297733,0.5625,97.4500649126087,7.654516319205362
reserve,B11,11,10,1,5051386.362722253,5117645.3281151345,0.4791666666666667,101.31169862360663,4.263707525925087
reserve,B12,12,11,1,5051386.3627222525,4990431.855735734,0.6666666666666666,98.7933113286217,6.349671582043481
reserve,B13,13,12,1,5010924.366932793,5158606.49000121,0.7291666666666666,102.94720319554162,2.9472031955416256
reserve,B14,14,13,1,4932427.525751918,5133296.0700556105,0.8333333333333334,104.07240741511092,4.0724074151109235
reserve,B15,15,14,1,4856359.244297651,5504750.855143583,4.9375,113.35139305452486,13.351393054524863
reserve,B16,16,15,1,4730657.41470484,5196569.495097681,1.0416666666666667,109.84878082578109,9.84878082578109
reserve,B17,17,16,1,4567696.552863376,5159608.63636022,0.7291666666666666,112.95865600191388,12.958656001913882
reserve,C05,18,4,2,4621144.824327538,4686308.159120163,0.20833333333333334,101.4101123697656,4.121910440428255
reserve,C06,19,5,2,4804428.858754164,4609309.079186008,0.4375,95.93875182036203,9.013098951627752
reserve,C07,20,6,2,4968052.809953903,4849469.915025377,12.3125,97.613091094947,7.486331055446016
reserve,C08,21,7,2,5090752.3661602335,4966661.182594015,12.3125,97.56241956707441,8.023709568465787
reserve,C09,22,8,2,5184845.259658251,4970751.571128621,12.333333333333334,95.87077959306848,8.60191801718101
reserve,C10,23,9,2,5250976.539444979,5224290.582697872,0.4791666666666667,99.49179059272795,5.2240443011517534
reserve,C11,24,10,2,5287373.958214552,5262138.821559377,0.5625,99.52272835523635,4.970187207590571
reserve,C12,25,11,2,5287373.958214552,5589326.1403022595,7.6875,105.71081569932441,5.710815699324412
reserve,C13,26,12,2,5250976.539444979,5398632.9966539005,0.7291666666666666,102.81198089726236,2.811980897262356
reserve,C14,27,13,2,5184845.259658251,5638902.769458663,0.625,108.75739751257957,8.75739751257958
reserve,C15,28,14,2,5090752.3661602335,5536350.074065202,1.0416666666666667,108.75308158509125,8.753081585091248
reserve,C16,29,15,2,4968052.809953903,5659673.448684092,0.8333333333333334,113.92136245702682,13.92136245702682
reserve,C17,30,16,2,4804428.858754163,5196879.038457007,1.0416666666666667,108.16850849998039,8.168508499980387
reserve,C18,31,17,2,4621144.824327538,5365877.687334848,2.9583333333333335,116.11576549357945,16.11576549357945
reserve,D04,32,3,3,4634829.928441549,4890313.330890334,6.020833333333333,105.51224977816373,5.512249778163736
reserve,D05,33,4,3,4840705.940506408,4708215.399722988,4.9375,97.2629913402763,7.081361468834246
reserve,D06,34,5,3,5030143.83485676,5115161.173402104,0.3125,101.69015720696115,3.284314293335122
reserve,D07,35,6,3,5184383.497814638,5034765.50531002,12.291666666666666,97.11406394670291,8.127784300979856
reserve,D08,36,7,3,5312956.894543577,5487579.006961952,12.270833333333334,103.28672179888589,8.971946698588928
reserve,D09,37,8,3,5406235.561291306,5388609.349771153,12.333333333333334,99.6739651589295,5.24244670468782
reserve,D10,38,9,3,5472666.261587133,5272847.105159565,7.625,96.34877869622515,7.2503903154085725
reserve,D11,39,10,3,5505602.011222798,5614889.008982112,7.583333333333333,101.9850144913588,2.168210510234514
reserve,D12,40,11,3,5505602.011222798,5559837.734769572,7.604166666666667,100.98510069264393,3.0966708776544505
reserve,D13,41,12,3,5472666.261587133,5688452.039147451,7.625,103.94297344742046,3.9429734474204503
reserve,D14,42,13,3,5406235.561291306,5613240.621747475,0.8333333333333334,103.82900556421046,3.8290055642104637
reserve,D15,43,14,3,5312956.894543577,5961156.607796393,4.9375,112.20035709151941,12.20035709151941
reserve,D16,44,15,3,5184383.497814639,5581587.770237119,1.0416666666666667,107.66155267236526,7.661552672365257
reserve,D17,45,16,3,5030143.834856761,5646201.247718561,0.8333333333333334,112.24731206676009,12.247312066760085
reserve,D18,46,17,3,4840705.940506407,5220831.430215521,2.2916666666666665,107.85268707459117,7.852687074591169
reserve,D19,47,18,3,4634829.928441549,4948985.081296635,2.3125,106.7781376599663,6.77813765996631
reserve,E03,48,2,4,4605930.485113044,4652521.89036557,5.979166666666667,101.01155250612477,3.3847515963447483
reserve,E04,49,3,4,4833706.893210676,4797352.951804297,6.020833333333333,99.24790761604845,4.9498062201243975
reserve,E05,50,4,4,5046202.20778458,5086710.1456585005,6,100.80274107548506,3.3634867030098103
reserve,E06,51,5,4,5226981.293094191,5084533.54757552,4.9375,97.27476075518253,6.333328224694901
reserve,E07,52,6,4,5385198.1329400325,5580438.221321454,12.3125,103.62549498758797,3.625494987587974
reserve,E08,53,7,4,5509539.617519945,5715340.423561577,12.291666666666666,103.73535395565901,3.7353539556590043
reserve,E09,54,8,4,5606327.068053454,5527339.082756282,12.354166666666666,98.59109209401518,5.388153422951203
reserve,E10,55,9,4,5669996.507927121,5762667.6629246,9.208333333333334,101.63441291132926,1.7630602398029271
reserve,E11,56,10,4,5703093.806537876,5633565.772362772,7.5625,98.7808716368053,4.975935437821
reserve,E12,57,11,4,5703093.806537875,5899283.7710914165,7.541666666666667,103.44006202964142,3.440062029641422
reserve,E13,58,12,4,5669996.50792712,5903871.463735717,7.583333333333333,104.12478130245091,4.124781302450908
reserve,E14,59,13,4,5606327.068053453,6124611.298031521,0.625,109.24463064118054,9.244630641180528
reserve,E15,60,14,4,5509539.617519944,5806914.521815732,1.0416666666666667,105.39745468659771,5.3974546865977135
reserve,E16,61,15,4,5385198.132940032,5986560.7277164925,4.9375,111.16695393430489,11.16695393430489
reserve,E17,62,16,4,5226981.293094191,5511447.412598897,1.0416666666666667,105.44226396755118,5.442263967551186
reserve,E18,63,17,4,5046202.20778458,5592375.58517936,0.9166666666666666,110.82345405327236,10.823454053272364
reserve,E19,64,18,4,4833706.893210676,5076923.295380003,1.0416666666666667,105.03167460383136,5.03167460383136
reserve,E20,65,19,4,4605930.485113044,4786850.060077722,0.9583333333333334,103.92797015824344,3.9279701582434434
reserve,F03,66,2,5,4783611.680034372,4765594.481443269,5.958333333333333,99.62335574464997,4.5323008940445835
reserve,F04,67,3,5,5014615.843792796,5226171.754798844,5.958333333333333,104.21878599669638,4.218785996696384
reserve,F05,68,4,5,5220235.455154861,5054154.354970163,5.958333333333333,96.81851323352288,6.762014420390505
reserve,F06,69,5,5,5404778.628483014,5389802.311781668,5.979166666666667,99.72290601094332,3.46856374259793
reserve,F07,70,6,5,5558070.463898022,5503373.1485893885,12.375,99.01589381307929,4.533734447210658
reserve,F08,71,7,5,5685102.954659442,5727894.39753298,12.375,100.75269424696111,3.5402236291995015
reserve,F09,72,8,5,5779372.729633639,6179882.6108374335,16.708333333333332,106.92998877110291,6.929988771102913
reserve,F10,73,9,5,5844171.611915346,5934659.58244321,9.166666666666666,101.5483455404248,2.4887552768583565
reserve,F11,74,10,5,5876133.644191159,6008934.220390475,9.166666666666666,102.25999924849557,2.259999248495581
reserve,F12,75,11,5,5876133.644191159,6311312.259114518,7.479166666666667,107.4058665318743,7.4058665318742944
reserve,F13,76,12,5,5844171.611915346,6170584.562208549,7.541666666666667,105.58527319128854,5.585273191288542
reserve,F14,77,13,5,5779372.729633639,6038774.782004879,7.583333333333333,104.48841188319902,4.488411883199017
reserve,F15,78,14,5,5685102.954659442,6243200.114276394,2.7083333333333335,109.8168347005843,9.816834700584298
reserve,F16,79,15,5,5558070.463898023,5846458.868647528,0.9166666666666666,105.18864247264779,5.188642472647786
reserve,F17,80,16,5,5404778.628483014,5656106.838097862,0.8541666666666666,104.6501110756018,4.650111075601804
reserve,F18,81,17,5,5220235.455154861,5378737.56637302,0.8958333333333334,103.03630195572198,3.036301955721976
reserve,F19,82,18,5,5014615.843792795,5370379.528157199,4.9375,107.09453516374093,7.094535163740923
reserve,F20,83,19,5,4783611.680034373,4707536.558512904,0.9583333333333334,98.40967188371522,7.23553781239048
reserve,G02,84,1,6,4658494.145209977,4574722.684982395,5.916666666666667,98.20174808390134,6.004162043007987
reserve,G03,85,2,6,4928045.372922851,4896608.727485952,5.916666666666667,99.36208693187713,4.606717008853245
reserve,G04,86,3,6,5162124.327846742,5121647.585315505,5.916666666666667,99.21588981666156,4.526234109976112
reserve,G05,87,4,6,5371899.296747004,5608977.999198392,5.9375,104.41331248698116,4.413312486981158
reserve,G06,88,5,6,5552571.304517052,5586474.274425151,5.916666666666667,100.6105814414399,2.498043690328633
reserve,G07,89,6,6,5708036.136999339,6039100.908879163,12.458333333333334,105.7999768034731,5.799976803473106
reserve,G08,90,7,6,5832223.427286435,6072682.198194385,9.208333333333334,104.12293482761561,4.12293482761561
reserve,G09,91,8,6,5927869.242600707,6421524.900122283,17.833333333333332,108.32770827625401,8.32770827625402
reserve,G10,92,9,6,5991185.061668024,6419670.233856957,9.083333333333334,107.15192683548382,7.151926835483824
reserve,G11,93,10,6,6023513.350534234,6054170.951723156,9.104166666666666,100.50896543935114,3.094100736475447
reserve,G12,94,11,6,6023513.350534234,6387146.183072735,7.479166666666667,106.0368892932934,6.0368892932934015
reserve,G13,95,12,6,5991185.0616680235,6073695.929793871,7.520833333333333,101.37720446416782,1.8987279908760146
reserve,G14,96,13,6,5927869.242600706,6449089.4372259155,7.5625,108.79270735055108,8.792707350551087
reserve,G15,97,14,6,5832223.427286436,5952399.475851301,10.770833333333334,102.06055289313187,2.060552893131873
reserve,G16,98,15,6,5708036.136999341,6049740.8200287875,10.770833333333334,105.98637911232774,5.986379112327733
reserve,G17,99,16,6,5552571.304517053,5612001.591948075,10.791666666666666,101.07032011246169,3.2140004667497335
reserve,G18,100,17,6,5371899.296747003,5488689.791358922,0.7291666666666666,102.17410059571748,2.3851572761218076
reserve,G19,101,18,6,5162124.327846741,5183127.647391,0.7708333333333334,100.40687357007188,4.649629764343
reserve,G20,102,19,6,4928045.372922851,4899468.877280583,0.7708333333333334,99.420125151459,6.011140473752807
reserve,G21,103,20,6,4658494.145209977,4416240.08155352,0.7291666666666666,94.79973450421632,10.440654280742867
reserve,H02,104,1,7,4807472.0116356285,4822371.649279069,5.895833333333333,100.30992666431293,4.096394584784102
reserve,H03,105,2,7,5055959.639595347,4969774.708541976,5.875,98.29537937015121,5.702510613020706
reserve,H04,106,3,7,5287643.482181484,5306032.78061585,5.875,100.34777871269756,3.4082635930575256
reserve,H05,107,4,7,5493613.714834098,5352313.432687143,5.854166666666667,97.42791740588878,5.906711870633741
reserve,H06,108,5,7,5675526.242933749,5923026.098039508,5.833333333333333,104.3608265473868,4.360826547386787
reserve,H07,109,6,7,5828208.785565562,5784054.340395365,9.395833333333334,99.24240110821782,3.6091370214088703
reserve,H08,110,7,7,5953475.132211619,5991942.259762316,13.208333333333334,100.6461289699955,3.0637568617964184
reserve,H09,111,8,7,6047455.501500435,6544607.493329535,17.5,108.22084580375584,8.22084580375584
reserve,H10,112,9,7,6111329.244445109,6268969.715779082,13.125,102.57947927576083,2.579479275760832
reserve,H11,113,10,7,6143075.92962072,6546853.546644906,13.083333333333334,106.57288989506459,6.572889895064593
reserve,H12,114,11,7,6143075.9296207195,6155391.996348266,13.125,100.2004869688841,2.5430402005538366
reserve,H13,115,12,7,6111329.24444511,6476558.987096221,7.479166666666667,105.9762733775649,5.9762733775649
reserve,H14,116,13,7,6047455.501500435,6251465.745490246,10.770833333333334,103.37348896472565,3.373488964725646
reserve,H15,117,14,7,5953475.132211618,6510721.879326078,10.729166666666666,109.36002477106932,9.36002477106932
reserve,H16,118,15,7,5828208.785565563,6367872.945190242,10.708333333333334,109.25952002545343,9.259520025453426
reserve,H17,119,16,7,5675526.242933749,5975786.450649706,10.75,105.29043818782078,5.2904381878207785
reserve,H18,120,17,7,5493613.714834097,5382754.653376578,0.6458333333333334,97.98203755829843,5.794906850332781
reserve,H19,121,18,7,5287643.482181484,5405831.852400215,0.5416666666666666,102.23518039022501,2.828834841259731
reserve,H20,122,19,7,5055959.6395953465,4917214.858128484,0.6666666666666666,97.25581706823185,7.6104110532243086
reserve,H21,123,20,7,4807472.0116356285,4842330.453207024,0.5625,100.72508880939976,5.02076719573874
reserve,J01,124,0,8,4606486.835566402,4834258.961595978,5.833333333333333,104.94459517980081,4.944595179800815
reserve,J02,125,1,8,4897950.82359485,4876325.623750899,5.875,99.55848474958597,4.9324333058255565
reserve,J03,126,2,8,5153665.749412325,5191339.558667829,5.854166666666667,100.73100994684803,3.447517625584362
reserve,J04,127,3,8,5382481.659498054,5216586.268675428,5.833333333333333,96.9178642619268,6.605940896555729
reserve,J05,128,4,8,5588546.921177312,5776725.255744493,5.791666666666667,103.36721400430756,3.3672140043075505
reserve,J06,129,5,8,5767794.937449864,5788185.823103293,5.791666666666667,100.35353000365932,2.5612112334278514
reserve,J07,130,6,8,5921021.376589866,6252683.204521958,13.3125,105.60142932844987,5.6014293284498695
reserve,J08,131,7,8,6044592.137655852,6319923.166583935,13.125,104.55499763520618,4.5549976352061705
reserve,J09,132,8,8,6139052.374226681,6186969.851454024,13.125,100.7805354036156,2.795019117754649
reserve,J10,133,9,8,6202091.960793213,6663896.044191862,13.041666666666666,107.4459406006548,7.445940600654799
reserve,J11,134,10,8,6234006.704951216,6762819.426997985,13.041666666666666,108.4827101906511,8.4827101906511
reserve,J12,135,11,8,6234006.704951215,6527055.413276418,13.0625,104.70080835961335,4.700808359613351
reserve,J13,136,12,8,6202091.960793214,6398992.269684099,7.479166666666667,103.17474023499811,3.174740234998108
reserve,J14,137,13,8,6139052.374226682,6679663.908727393,10.791666666666666,108.8061072221885,8.806107222188508
reserve,J15,138,14,8,6044592.137655852,6341941.0294266725,10.75,104.91925484795628,4.919254847956278
reserve,J16,139,15,8,5921021.376589868,6428033.067044366,10.729166666666666,108.5629093058013,8.562909305801302
reserve,J17,140,16,8,5767794.937449865,5788562.194745328,10.770833333333334,100.360055402813,3.4355716542516346
reserve,J18,141,17,8,5588546.921177311,5788822.959360329,0.4791666666666667,103.58368715531563,3.583687155315629
reserve,J19,142,18,8,5382481.659498054,5301130.757311379,8.770833333333334,98.48859861801625,5.195685986249343
reserve,J20,143,19,8,5153665.749412326,5187325.323865898,0.5208333333333334,100.65311908242032,3.978262031251001
reserve,J21,144,20,8,4897950.823594849,4716803.650102864,8.791666666666666,96.30157222854615,8.178960196726115
reserve,J22,145,21,8,4606486.835566402,4543186.59971584,8.791666666666666,98.62584572343016,6.207236335233657
reserve,K01,146,0,9,4724551.158262206,4723308.014115338,5.854166666666667,99.97368757147026,4.864621165238347
reserve,K02,147,1,9,4980411.436454464,5199541.651730569,5.895833333333333,104.39984162095858,4.399841620958589
reserve,K03,148,2,9,5223557.861038766,5216886.734552113,5.854166666666667,99.87228768850422,4.199610573483625
reserve,K04,149,3,9,5449310.707698692,5446664.493350918,5.8125,99.95143946657264,3.6609585043986814
reserve,K05,150,4,9,5652159.196601739,5570186.933083197,5.770833333333333,98.54971771552673,5.086008786043439
reserve,K06,151,5,9,5831165.6294557275,5946836.693760723,11.520833333333334,101.98366967524797,2.3519563595985504
reserve,K07,152,6,9,5982803.020561033,5886832.616778938,11.520833333333334,98.39589564536432,5.4392082399617685
reserve,K08,153,7,9,6106600.609385954,6078248.454032186,13.125,99.53571295771022,3.982295969518801
reserve,K09,154,8,9,6200209.890353879,6441872.911557171,13.0625,103.89765871602611,3.89765871602612
reserve,K10,155,9,9,6263425.787997051,6406332.4957069345,13.0625,102.28160614569335,2.281606145693349
reserve,K11,156,10,9,6295063.374039246,6554299.33830449,13.041666666666666,104.11808347052278,4.118083470522782
reserve,K12,157,11,9,6295063.374039248,6368589.480183852,13.0625,101.16799628178208,2.5145848928064374
reserve,K13,158,12,9,6263425.78799705,6484508.01928012,6.125,103.52973338818417,3.529733388184164
reserve,K14,159,13,9,6200209.890353878,6372428.213477368,10.75,102.7776208575039,2.777620857503904
reserve,K15,160,14,9,6106600.609385955,6431227.608988564,10.729166666666666,105.3160018211057,5.316001821105698
reserve,K16,161,15,9,5982803.020561031,5989817.357444656,10.770833333333334,100.11724164843,2.693530138829392
reserve,K17,162,16,9,5831165.6294557275,5948643.511014803,10.791666666666666,102.01465519973647,2.0146551997364703
reserve,K18,163,17,9,5652159.19660174,5648306.110064117,8.75,99.9318298299181,3.752295252964988
reserve,K19,164,18,9,5449310.707698692,5511707.315883268,8.75,101.14503671255932,3.784164583855798
reserve,K20,165,19,9,5223557.861038766,5163228.191686066,8.770833333333334,98.845046404048,5.7448005636627215
reserve,K21,166,20,9,4980411.436454463,5126259.480370289,8.791666666666666,102.92843364000575,2.9284336400057454
reserve,K22,167,21,9,4724551.158262205,4600461.402459316,8.791666666666666,97.3735122841059,7.375224705697947
reserve,L01,168,0,10,4778938.89610593,4988200.139976016,5.833333333333333,104.378822337331,4.378822337331001
reserve,L02,169,1,10,5023043.443419824,4951350.7419745885,11.458333333333334,98.57272384257092,6.052322958625112
reserve,L03,170,2,10,5260960.897591241,5268159.4353784425,11.458333333333334,100.13682933455175,4.313904866342155
reserve,L04,171,3,10,5483064.860220667,5447478.656941441,11.479166666666666,99.35097971323663,4.570537763725757
reserve,L05,172,4,10,5684975.115295151,5731723.100939957,11.5,100.8223076565284,4.122400580188501
reserve,L06,173,5,10,5862718.16700525,6195560.518940707,11.520833333333334,105.67727020904157,6.941184407496537
reserve,L07,174,6,10,6014309.670745321,6242586.855649555,11.520833333333334,103.79556752813403,3.795567528134036
reserve,L08,175,7,10,6137490.489109186,6381548.830925216,10.125,103.97651682310718,3.976516823107179
reserve,L09,176,8,10,6231186.077215911,6283875.300604062,10.104166666666666,100.84557294125443,3.164439634416416
reserve,L10,177,9,10,6294121.029825143,6734876.667484633,13,107.00265590017952,7.002655900179522
reserve,L11,178,10,10,6325798.143363796,6486222.932713747,13,102.53604028636683,2.536040286366825
reserve,L12,179,11,10,6325798.143363795,6563371.111240587,6.083333333333333,103.75562043701983,3.7556204370198243
reserve,L13,180,12,10,6294121.029825143,6795782.061670986,6.104166666666667,107.97031117559841,7.97031117559841
reserve,L14,181,13,10,6231186.07721591,6677612.482015588,6.125,107.16438891837974,7.164388918379738
reserve,L15,182,14,10,6137490.4891091855,6205016.523090183,6.229166666666667,101.1002222178726,1.1926015710778226
reserve,L16,183,15,10,6014309.6707453225,6361224.101544552,11.854166666666666,105.76815045767734,5.768150457677335
reserve,L17,184,16,10,5862718.16700525,5772410.962102744,8.75,98.45963591750417,4.33354628315673
reserve,L18,185,17,10,5684975.115295151,5744553.53880818,8.729166666666666,101.0479979648941,3.4197083444522214
reserve,L19,186,18,10,5483064.860220666,5721402.747893995,8.708333333333334,104.34680044371638,7.931902831723992
reserve,L20,187,19,10,5260960.897591241,5313167.00258555,8.75,100.99233022275857,4.471592961645687
reserve,L21,188,20,10,5023043.443419824,4859687.941257514,8.770833333333334,96.74787797473053,7.775588985043081
reserve,L22,189,21,10,4778938.89610593,4895334.782258477,8.770833333333334,102.4356010546063,2.7614484832958475
reserve,M01,190,0,11,4778938.89610593,5060067.8092043465,11.416666666666666,105.88266389694773,5.882663896947737
reserve,M02,191,1,11,5023043.443419824,5082547.188133194,11.416666666666666,101.18461537081306,4.55728268563197
reserve,M03,192,2,11,5260960.897591241,5483881.393588414,11.416666666666666,104.2372581803305,4.237258180330494
reserve,M04,193,3,11,5483064.860220666,5478572.443412089,11.4375,99.91806741442785,4.882947937859916
reserve,M05,194,4,11,5684975.115295151,5813605.591195492,11.479166666666666,102.26263920758892,2.6752824380092743
reserve,M06,195,5,11,5862718.16700525,5831903.367509336,11.520833333333334,99.47439398214063,6.333412360133539
reserve,M07,196,6,11,6014309.6707453225,6212028.562069558,11.520833333333334,103.28747440934036,3.287474409340363
reserve,M08,197,7,11,6137490.4891091855,6640011.947036771,10.083333333333334,108.18773501676779,8.187735016767794
reserve,M09,198,8,11,6231186.07721591,6487039.014165914,10.083333333333334,104.10600700700499,4.106007007004986
reserve,M10,199,9,11,6294121.029825143,6472159.353995513,10.0625,102.82864475161382,2.828644751613818
reserve,M11,200,10,11,6325798.143363795,6523306.933902362,6.6875,103.12227462941996,3.1222746294199633
reserve,M12,201,11,11,6325798.143363796,6495022.720190037,6.666666666666667,102.67514980704482,2.6751498070448188
reserve,M13,202,12,11,6294121.029825143,6602195.598349019,6.083333333333333,104.89464004686346,4.894640046863463
reserve,M14,203,13,11,6231186.077215911,6262204.252596775,6.145833333333333,100.49778926510125,3.537935715312035
reserve,M15,204,14,11,6137490.489109186,6318997.626567833,11.75,102.95735101798897,2.957351017988974
reserve,M16,205,15,11,6014309.670745322,5951490.649196092,11.791666666666666,98.95550736512966,3.473650785993987
reserve,M17,206,16,11,5862718.16700525,5932015.29999865,11.833333333333334,101.18199666126537,1.6132717426781462
reserve,M18,207,17,11,5684975.115295151,5639089.128569757,8.729166666666666,99.19285509971819,4.539834095241735
reserve,M19,208,18,11,5483064.860220667,5528498.481118565,8.729166666666666,100.8286172433873,4.131310749983408
reserve,M20,209,19,11,5260960.897591241,5212117.130501693,8.75,99.0715808758071,5.528002135461252
reserve,M21,210,20,11,5023043.443419824,5036726.359069218,8.75,100.27240289285808,4.41790524609692
reserve,M22,211,21,11,4778938.89610593,4560172.2969753025,8.770833333333334,95.42227670437704,9.208959315281884
reserve,N01,212,0,12,4724551.158262205,4640587.97541349,11.416666666666666,98.22283260279906,7.719940577218387
reserve,N02,213,1,12,4980411.436454463,5220327.025835786,11.395833333333334,104.81718413111906,4.817184131119068
reserve,N03,214,2,12,5223557.861038766,5534383.772810424,11.375,105.95046365026472,7.6775439154247564
reserve,N04,215,3,12,5449310.707698692,5607330.50837342,11.4375,102.89981263963313,2.899812639633126
reserve,N05,216,4,12,5652159.19660174,5722763.884754795,11.479166666666666,101.249163119742,3.3809736920509703
reserve,N06,217,5,12,5831165.6294557275,6233586.697100396,11.520833333333334,106.90121140809082,6.901211408090813
reserve,N07,218,6,12,5982803.020561031,6084114.351840503,11.520833333333334,101.6933756791139,4.402827041743096
reserve,N08,219,7,12,6106600.609385955,6684606.520796227,10.229166666666666,109.46526469279596,9.46526469279596
reserve,N09,220,8,12,6200209.890353878,6344298.843409769,10.145833333333334,102.32393669898275,3.3258334330855233
reserve,N10,221,9,12,6263425.78799705,6773084.284313636,10.083333333333334,108.137056517749,8.13705651774901
reserve,N11,222,10,12,6295063.374039248,6517543.585301105,6.729166666666667,103.53420129461067,3.5342012946106616
reserve,N12,223,11,12,6295063.374039246,6800453.352481807,6.666666666666667,108.02835409928963,8.028354099289636
reserve,N13,224,12,12,6263425.787997051,6729318.923577497,11.875,107.43831173785539,7.438311737855385
reserve,N14,225,13,12,6200209.890353879,6487189.588224661,6.104166666666667,104.62854811281883,4.628548112818831
reserve,N15,226,14,12,6106600.609385955,6102804.891144583,11.75,99.9378423695249,3.433391980555711
reserve,N16,227,15,12,5982803.020561033,6165520.312560648,11.75,103.05404158170796,3.054041581707967
reserve,N17,228,16,12,5831165.6294557275,5882158.528455072,11.791666666666666,100.87448894851757,2.6397771169724193
reserve,N18,229,17,12,5652159.196601739,5724189.552624598,11.854166666666666,101.2743865400353,2.116222419337177
reserve,N19,230,18,12,5449310.707698692,5375811.160759726,8.75,98.65121387123096,5.2257019154252955
reserve,N20,231,19,12,5223557.861038766,5436595.728831601,8.791666666666666,104.078405436682,4.078405436682009
reserve,N21,232,20,12,4980411.436454464,4783982.755762744,8.770833333333334,96.05597482862666,8.19900381855615
reserve,N22,233,21,12,4724551.158262206,4718020.053477251,8.770833333333334,99.86176242851062,5.0138382050191606
reserve,O01,234,0,13,4606486.835566402,4629236.474644183,11.416666666666666,100.49386093762674,5.527457691542104
reserve,O02,235,1,13,4897950.823594849,4833007.832205202,11.416666666666666,98.67407832931279,7.199018107501354
reserve,O03,236,2,13,5153665.749412326,5230217.033711526,11.416666666666666,101.48537542055243,4.625297676429918
reserve,O04,237,3,13,5382481.659498054,5352010.963948516,11.458333333333334,99.4338913260249,5.246182696835334
reserve,O05,238,4,13,5588546.921177311,5904852.042461257,11.520833333333334,105.65988128479937,5.659881284799373
reserve,O06,239,5,13,5767794.937449865,5785171.117702151,6.979166666666667,100.3012621017343,4.299308438845917
reserve,O07,240,6,13,5921021.376589868,6380881.565720867,11.520833333333334,107.76656863542433,7.766568635424331
reserve,O08,241,7,13,6044592.137655852,6563263.595031775,6.833333333333333,108.58075194428368,8.580751944283671
reserve,O09,242,8,13,6139052.374226682,6654422.640519977,10.25,108.3949481919547,8.394948191954699
reserve,O10,243,9,13,6202091.960793214,6265385.8278560145,6.833333333333333,101.02052448533358,3.1484782185097315
reserve,O11,244,10,13,6234006.704951215,6645327.479167528,6.770833333333333,106.59801623071132,6.598016230711323
reserve,O12,245,11,13,6234006.704951216,6320769.448073575,6.729166666666667,101.39176531609198,2.231326623040275
reserve,O13,246,12,13,6202091.960793213,6408107.568908422,8.25,103.32171160017532,3.3217116001753144
reserve,O14,247,13,13,6139052.374226681,6151615.695592043,11.770833333333334,100.20464593881144,3.302239093998416
reserve,O15,248,14,13,6044592.137655852,6171381.581228536,11.75,102.0975682177599,2.097568217759904
reserve,O16,249,15,13,5921021.376589866,6331166.743007153,11.708333333333334,106.92693608638015,6.926936086380153
reserve,O17,250,16,13,5767794.937449864,6099022.336413251,11.75,105.74270414526619,5.742704145266186
reserve,O18,251,17,13,5588546.921177312,5710071.491014265,11.854166666666666,102.1745289348193,2.1745289348193086
reserve,O19,252,18,13,5382481.659498054,5689812.901925985,8.770833333333334,105.709842817311,5.709842817310995
reserve,O20,253,19,13,5153665.749412325,5125557.392694483,8.770833333333334,99.45459488285503,4.312596128021684
reserve,O21,254,20,13,4897950.82359485,4886504.411145755,8.770833333333334,99.76630201361039,4.503232820386427
reserve,O22,255,21,13,4606486.835566402,4422761.0331578795,8.770833333333334,96.01158520653989,8.415322773929068
reserve,P02,256,1,14,4807472.0116356285,4911559.099631192,11.4375,102.16511063909763,2.983328110969652
reserve,P03,257,2,14,5055959.6395953465,5029993.186585817,11.458333333333334,99.48641890243395,5.236966668050713
reserve,P04,258,3,14,5287643.482181484,5344330.216945861,7.020833333333333,101.0720604548208,3.243680790452519
reserve,P05,259,4,14,5493613.714834097,5448630.332027654,7.020833333333333,99.18116953354445,4.589091653050115
reserve,P06,260,5,14,5675526.242933749,6033345.851373018,6.979166666666667,106.30460671175237,6.30460671175237
reserve,P07,261,6,14,5828208.785565563,5860520.633257519,6.9375,100.55440442991647,3.941271823874848
reserve,P08,262,7,14,5953475.132211618,6117746.763194525,6.895833333333333,102.75925618793813,2.7592561879381305
reserve,P09,263,8,14,6047455.501500435,6258609.39549604,6.895833333333333,103.49161550578114,3.4916155057811427
reserve,P10,264,9,14,6111329.24444511,6177937.019837935,6.895833333333333,101.08990651180132,2.3556781134723814
reserve,P11,265,10,14,6143075.9296207195,6555889.535244738,8.395833333333334,106.71998214499534,6.71998214499534
reserve,P12,266,11,14,6143075.92962072,6189810.879213623,8.270833333333334,100.76077440891713,2.2585602640170843
reserve,P13,267,12,14,6111329.244445109,6287018.514061418,8.25,102.87481270586105,2.8748127058610518
reserve,P14,268,13,14,6047455.501500435,5940521.633986453,11.8125,98.23175437194286,4.368715577058091
reserve,P15,269,14,14,5953475.132211619,6042468.063431804,11.791666666666666,101.4948064658687,2.038818407612941
reserve,P16,270,15,14,5828208.785565562,6186441.117223803,11.75,106.14652537063287,6.1465253706328715
reserve,P17,271,16,14,5675526.242933749,5675267.531831736,11.833333333333334,99.99544163675861,4.052580852719401
reserve,P18,272,17,14,5493613.714834098,5829366.382079318,11.854166666666666,106.11169049506715,6.111690495067146
reserve,P19,273,18,14,5287643.482181485,5248976.826200715,5.4375,99.26873556980401,4.093335548119093
reserve,P20,274,19,14,5055959.639595347,5346442.397610094,5.4375,105.74535357718946,5.74535357718946
reserve,P21,275,20,14,4807472.0116356285,4783873.296495786,5.479166666666667,99.50912423238812,4.744349919725899
reserve,Q02,276,1,15,4658494.145209977,4540679.055048717,7.0625,97.47096193557736,7.28059268501563
reserve,Q03,277,2,15,4928045.372922852,5053036.526307815,7.041666666666667,102.53632310432302,2.536323104323013
reserve,Q04,278,3,15,5162124.327846741,5095193.14449232,7.041666666666667,98.70341783530154,5.737420050784503
reserve,Q05,279,4,15,5371899.296747003,5611663.070195986,7,104.46329613055431,4.463296130554317
reserve,Q06,280,5,15,5552571.304517053,5571105.669326515,7,100.33379787116618,3.482535747045168
reserve,Q07,281,6,15,5708036.136999339,5873723.9881423125,6.958333333333333,102.90271202154781,2.9027120215478153
reserve,Q08,282,7,15,5832223.427286436,6114578.190763138,6.916666666666667,104.84128852395618,4.841288523956178
reserve,Q09,283,8,15,5927869.242600706,5881657.214680879,6.9375,99.2204276776599,3.7876134872025347
reserve,Q10,284,9,15,5991185.0616680235,6043689.0075138,8.333333333333334,100.87635326409294,1.9018717117915696
reserve,Q11,285,10,15,6023513.350534234,6026835.163247862,8.291666666666666,100.05514742842452,2.678056512139404
reserve,Q12,286,11,15,6023513.350534234,6106939.704647918,8.270833333333334,101.38501152498125,1.4439245490661556
reserve,Q13,287,12,15,5991185.061668024,6076950.365706572,8.25,101.43152486788098,1.5603420591504769
reserve,Q14,288,13,15,5927869.242600707,6196843.664024388,9.791666666666666,104.53745537250879,4.537455372508781
reserve,Q15,289,14,15,5832223.427286435,5763444.918482336,9.791666666666666,98.82071546706675,4.98405223722278
reserve,Q16,290,15,15,5708036.136999339,5785056.246618008,11.854166666666666,101.34932764562276,3.0376739500776018
reserve,Q17,291,16,15,5552571.304517053,5713431.907728687,9.770833333333334,102.8970470506299,2.8970470506298973
reserve,Q18,292,17,15,5371899.296747004,5472479.448471406,9.791666666666666,101.87233874218956,2.1524010980235153
reserve,Q19,293,18,15,5162124.327846742,5449693.551325227,9.791666666666666,105.57075353507493,5.570753535074924
reserve,Q20,294,19,15,4928045.372922851,5093877.057303128,5.479166666666667,103.36506001530424,3.365060015304233
reserve,Q21,295,20,15,4658494.145209977,4927936.101625856,5.4375,105.78388526457478,5.783885264574784
reserve,R03,296,2,16,4783611.680034373,4675879.228311229,7.0625,97.74788467523831,6.910568593181998
reserve,R04,297,3,16,5014615.843792795,4991227.284646817,7.0625,99.53359220577326,5.058752734597327
reserve,R05,298,4,16,5220235.455154861,5217830.521113457,7.041666666666667,99.95393054466481,4.448612281004804
reserve,R06,299,5,16,5404778.628483014,5513855.417135881,7,102.01815460263323,2.432229449226564
reserve,R07,300,6,16,5558070.463898023,5426358.638928741,7,97.63025989280266,6.344163166304551
reserve,R08,301,7,16,5685102.954659442,5660862.894701145,7,99.57362144271406,4.224357205494078
reserve,R09,302,8,16,5779372.729633639,5848048.719727777,7,101.18829487743545,2.264988389325673
reserve,R10,303,9,16,5844171.611915346,5862757.114950527,8.333333333333334,100.31801774946662,3.0258064819755237
reserve,R11,304,10,16,5876133.644191159,6098170.224696719,8.270833333333334,103.7786169265407,3.778616926540712
reserve,R12,305,11,16,5876133.644191159,5878694.103533468,8.25,100.0435738786309,3.691914315234257
reserve,R13,306,12,16,5844171.611915347,6050839.8755594855,9.854166666666666,103.53631408124248,3.5363140812424865
reserve,R14,307,13,16,5779372.729633639,5819158.392980249,9.8125,100.68840798487714,4.240948509194209
reserve,R15,308,14,16,5685102.954659443,5808928.421502409,9.770833333333334,102.17806903112421,3.2925043262317155
reserve,R16,309,15,16,5558070.463898022,5738971.8459830405,9.75,103.25475150522196,3.2547515052219644
reserve,R17,310,16,16,5404778.628483014,5475756.8226161115,9.770833333333334,101.31324886756776,4.133255805566371
reserve,R18,311,17,16,5220235.455154861,5384674.37188264,9.791666666666666,103.15002873223658,3.150028732236576
reserve,R19,312,18,16,5014615.843792796,5219013.608887361,9.8125,104.07604034808715,4.076040348087151
reserve,R20,313,19,16,4783611.680034373,5220459.674887356,9.854166666666666,109.1321792836212,9.1321792836212
reserve,S03,314,2,17,4605930.485113044,4566976.39333397,7.083333333333333,99.15426227328051,5.578856082832018
reserve,S04,315,3,17,4833706.8932106765,4748314.421790088,7.083333333333333,98.23339574973961,6.309821607110733
reserve,S05,316,4,17,5046202.20778458,5078113.282722977,7.0625,100.63237804638841,3.95903492236952
reserve,S06,317,5,17,5226981.293094191,5057762.081254287,7.0625,96.76258240940189,7.688279334523029
reserve,S07,318,6,17,5385198.132940032,5424959.383965377,7.041666666666667,100.73834332635107,3.852814822130879
reserve,S08,319,7,17,5509539.617519944,5533792.44416018,12.833333333333334,100.44019697332085,4.496060800142143
reserve,S09,320,8,17,5606327.068053453,5622723.190149226,12.854166666666666,100.29245746630093,3.7260501905677756
reserve,S10,321,9,17,5669996.50792712,5971936.535421648,8.3125,105.32522422319646,5.325224223196456
reserve,S11,322,10,17,5703093.806537875,5650768.431231724,8.291666666666666,99.08250894898192,4.386959810322921
reserve,S12,323,11,17,5703093.806537876,6070944.057374632,8.291666666666666,106.45001227956416,6.450012279564166
reserve,S13,324,12,17,5669996.507927121,6071100.276646428,9.875,107.0741448986526,7.074144898652612
reserve,S14,325,13,17,5606327.068053454,5877194.044040226,9.791666666666666,104.83145154927284,4.831451549272847
reserve,S15,326,14,17,5509539.617519945,5619000.33362166,9.770833333333334,101.98674887015311,4.93721509394851
reserve,S16,327,15,17,5385198.1329400325,5763420.200683645,9.729166666666666,107.02336401385335,7.3681459086263885
reserve,S17,328,16,17,5226981.293094191,5632681.887746968,9.75,107.76166150027709,7.761661500277084
reserve,S18,329,17,17,5046202.20778458,5168909.116924067,9.791666666666666,102.43166849220175,3.2093477243529733
reserve,S19,330,18,17,4833706.893210676,5226288.749238189,9.833333333333334,108.12175551188108,8.12175551188108
reserve,S20,331,19,17,4605930.485113044,4707466.521775468,9.833333333333334,102.20446307191568,2.4589659659225993
reserve,T04,332,3,18,4634829.928441549,4920066.755971876,7.145833333333333,106.15420267699527,6.1542026769952685
reserve,T05,333,4,18,4840705.940506407,4860427.442487435,7.104166666666667,100.40740962626961,4.457695713599019
reserve,T06,334,5,18,5030143.834856761,5231659.748383433,7.083333333333333,104.00616602909547,4.00616602909547
reserve,T07,335,6,18,5184383.497814639,5035260.852179557,12.8125,97.12361854214797,8.349617635581218
reserve,T08,336,7,18,5312956.894543577,5567762.081433901,12.791666666666666,104.79592046289721,7.958334253772259
reserve,T09,337,8,18,5406235.561291306,5595765.744894097,12.8125,103.50576998456798,3.5057699845679746
reserve,T10,338,9,18,5472666.261587133,5437492.573746078,8.333333333333334,99.3572842530534,4.724966443006839
reserve,T11,339,10,18,5505602.011222798,5813809.067574691,8.333333333333334,105.59806276813386,5.59806276813386
reserve,T12,340,11,18,5505602.011222798,5488100.370907313,8.291666666666666,99.68211214178197,4.8359222966492315
reserve,T13,341,12,18,5472666.261587133,5852835.307853046,9.875,106.94668792311228,6.9466879231122824
reserve,T14,342,13,18,5406235.561291306,5398387.729922495,9.833333333333334,99.85483741357845,6.01315763349376
reserve,T15,343,14,18,5312956.894543577,5455153.4569627065,9.791666666666666,102.6764109937569,3.8364119066935487
reserve,T16,344,15,18,5184383.497814638,5315272.90134702,9.770833333333334,102.5246859841205,4.683757236147478
reserve,T17,345,16,18,5030143.834856762,5086216.178492024,9.770833333333334,101.11472644672115,5.295528979725139
reserve,T18,346,17,18,4840705.940506408,5112922.569140902,9.770833333333334,105.62349029212082,5.623490292120814
reserve,T19,347,18,18,4634829.928441549,4774804.101622425,9.8125,103.02004982581836,3.0200498258183606
reserve,U05,348,4,19,4621144.824327538,4803811.348069297,7.083333333333333,103.95284135611007,3.9528413561100706
reserve,U06,349,5,19,4804428.858754163,4796680.992552654,7.104166666666667,99.83873491669272,5.263220547858971
reserve,U07,350,6,19,4968052.809953903,4964582.338141848,12.833333333333334,99.93014422461248,5.512503146094461
reserve,U08,351,7,19,5090752.3661602335,5326636.57799549,12.8125,104.63358252118586,4.633582521185864
reserve,U09,352,8,19,5184845.259658251,5070216.970574591,12.854166666666666,97.78916663192345,6.959475033762519
reserve,U10,353,9,19,5250976.539444979,5310988.399125319,8.333333333333334,101.14287045903814,3.339206931566141
reserve,U11,354,10,19,5287373.958214552,5326467.619390247,8.3125,100.73937764729047,3.3976827741770466
reserve,U12,355,11,19,5287373.958214552,5550836.683192625,8.291666666666666,104.98286535168847,4.982865351688481
reserve,U13,356,12,19,5250976.539444979,5286700.685995871,9.875,100.68033338718112,4.029655688895273
reserve,U14,357,13,19,5184845.259658251,5321626.744612617,9.833333333333334,102.6381015846051,2.6381015846050904
reserve,U15,358,14,19,5090752.3661602335,5053423.999625573,9.8125,99.26674165526508,6.403264374115647
reserve,U16,359,15,19,4968052.809953903,4960472.653621746,9.791666666666666,99.84742198559225,6.244386493323195
reserve,U17,360,16,19,4804428.858754164,4967831.156347979,9.770833333333334,103.40107643171945,3.401076431719452
reserve,U18,361,17,19,4621144.824327538,4556672.984413125,9.791666666666666,98.6048513438703,7.092780675147647
reserve,V06,362,5,20,4567696.552863375,4610037.368113269,7.125,100.92696208602894,4.317834929749742
reserve,V07,363,6,20,4730657.414704839,4710877.29647389,12.833333333333334,99.58187379687516,5.638513446349258
reserve,V08,364,7,20,4856359.244297651,4845794.532941474,12.833333333333334,99.78245613998631,5.44309399624
reserve,V09,365,8,20,4932427.525751918,5069513.816116355,8.354166666666666,102.7792864598358,2.779286459835806
reserve,V10,366,9,20,5010924.366932793,4881675.510497107,8.354166666666666,97.42065840608967,7.070984894383825
reserve,V11,367,10,20,5051386.3627222525,5035612.72701809,8.333333333333334,99.6877365029813,4.640706349797108
reserve,V12,368,11,20,5051386.362722253,4912196.566609336,8.3125,97.24452286722519,6.62512430044565
reserve,V13,369,12,20,5010924.366932793,5211080.561061362,9.875,103.99439663167547,3.9943966316754675
reserve,V14,370,13,20,4932427.525751918,4810918.416438316,9.875,97.53652519617958,7.033072540211083
reserve,V15,371,14,20,4856359.244297652,4982682.1812290605,9.8125,102.60118600327472,2.7697634550169825
reserve,V16,372,15,20,4730657.41470484,4816954.118331159,9.791666666666666,101.82420107949635,3.932318289492376
reserve,V17,373,16,20,4567696.552863376,4430589.6265250705,9.791666666666666,96.99833549029529,8.610146776365768
reserve,W09,374,8,21,4637876.917895917,4547836.371996998,8.354166666666666,98.05858267709769,6.692391098152461
reserve,W10,375,9,21,4753795.2844480425,4754660.247361398,8.354166666666666,100.01819520744164,4.720593348698876
reserve,W11,376,10,21,4807430.466142967,4668178.898490965,8.333333333333334,97.10340963571494,7.222438268233278
reserve,W12,377,11,21,4807430.466142967,4777922.388606139,8.333333333333334,99.38619855774009,4.739723834660259
reserve,W13,378,12,21,4753795.284448043,4617057.624518087,8.3125,97.12361067845535,6.681158479135307
reserve,W14,379,13,21,4637876.917895916,4776671.890994024,9.875,102.99264028682065,2.992640286820647
low-power,A09,0,8,0,4637876.917895916,3443655.957612939,13.291666666666666,74.25069743280804,29.59642507553787
low-power,A10,1,9,0,4753795.284448043,3743198.7100394075,13.270833333333334,78.74126852465051,25.48269077986903
low-power,A11,2,10,0,4807430.466142967,3824577.3524460634,13.270833333333334,79.55554176771166,24.842831983400295
low-power,A12,3,11,0,4807430.466142967,3976335.7757693846,0.4583333333333333,82.71228889888916,22.201065788413587
low-power,A13,4,12,0,4753795.2844480425,3819146.4794735056,13.25,80.33889242071017,24.308834947033077
low-power,A14,5,13,0,4637876.917895917,3881981.9237703118,13.25,83.7017021471856,21.201940568975697
low-power,B06,6,5,1,4567696.552863376,3669958.16743966,0.16666666666666666,80.34592764572011,24.060292131637574
low-power,B07,7,6,1,4730657.41470484,3624726.547374778,19.729166666666668,76.62204699303798,27.241414794017473
low-power,B08,8,7,1,4856359.244297651,3738878.8538500527,19.729166666666668,76.98933842755257,26.90182336695518
low-power,B09,9,8,1,4932427.525751918,3825109.6594961737,13.270833333333334,77.55024558446117,26.237531179632555
low-power,B10,10,9,1,5010924.366932793,3919442.3625596077,13.270833333333334,78.21795093185001,25.7654012202024
low-power,B11,11,10,1,5051386.362722253,4102596.1233561356,13.25,81.21723085036791,23.135047879749305
low-power,B12,12,11,1,5051386.3627222525,4015923.3382924846,13.25,79.50140911668962,24.842391961141974
low-power,B13,13,12,1,5010924.366932793,4147395.5166779114,13.25,82.76707475464352,21.88142860125627
low-power,B14,14,13,1,4932427.525751918,4124722.679595188,13.25,83.62459778801107,21.263562099728507
low-power,B15,15,14,1,4856359.244297651,4437343.855991886,13.270833333333334,91.37182059177822,14.33466814969745
low-power,B16,16,15,1,4730657.41470484,4159554.1675485554,2.0625,87.92761349868499,17.882623826270805
low-power,B17,17,16,1,4567696.552863376,4129276.0022070277,1.125,90.40171461518139,16.35653393582821
low-power,C05,18,4,2,4621144.824327538,3749074.0180861196,0.125,81.12868478714425,22.849898529459132
low-power,C06,19,5,2,4804428.858754164,3690784.082717821,19.729166666666668,76.82045444367091,26.74786190266678
low-power,C07,20,6,2,4968052.809953903,3905293.807141636,19.708333333333332,78.60813796739556,25.514614785764667
low-power,C08,21,7,2,5090752.3661602335,3999255.1414269647,19.708333333333332,78.55921588351498,25.95150961823184
low-power,C09,22,8,2,5184845.259658251,4000571.6086159763,19.729166666666668,77.15893933697969,26.45037051940259
low-power,C10,23,9,2,5250976.539444979,4197664.889185317,13.25,79.94065213685003,23.812295216745618
low-power,C11,24,10,2,5287373.958214552,4245219.946705886,13.229166666666666,80.28976161427815,23.646461694380715
low-power,C12,25,11,2,5287373.958214552,4528575.548008093,13.25,85.64886054583717,18.51684010678514
low-power,C13,26,12,2,5250976.539444979,4356168.380435927,13.229166666666666,82.95920478243781,21.433175622659483
low-power,C14,27,13,2,5184845.259658251,4515856.420455727,13.208333333333334,87.09722651883696,18.081054919935514
low-power,C15,28,14,2,5090752.3661602335,4442721.820803326,13.229166666666666,87.27043669095825,18.01563594957044
low-power,C16,29,15,2,4968052.809953903,4530497.02306301,1.3958333333333333,91.19260998968824,15.455774986781224
low-power,C17,30,16,2,4804428.858754163,4160332.001345135,2.7291666666666665,86.59368519453842,19.526291043785847
low-power,C18,31,17,2,4621144.824327538,4296127.545985898,3.7916666666666665,92.96673680014051,14.324276071688068
low-power,D04,32,3,3,4634829.928441549,3930671.2593857357,12.104166666666666,84.8072382389965,18.315509919984862
low-power,D05,33,4,3,4840705.940506408,3766501.529268656,10.6875,77.80893067168267,25.099959792858073
low-power,D06,34,5,3,5030143.83485676,4093094.919478965,19.708333333333332,81.37132960524023,22.16432928941481
low-power,D07,35,6,3,5184383.497814638,4056947.51852592,19.6875,78.25322953512287,26.046458085128933
low-power,D08,36,7,3,5312956.894543577,4423142.458044269,19.645833333333332,83.25199217382792,26.79150217716726
low-power,D09,37,8,3,5406235.561291306,4338255.474527152,19.708333333333332,80.24540228304329,23.771093476349193
low-power,D10,38,9,3,5472666.261587133,4252911.952771727,13.229166666666666,77.71188209708838,25.403301761978113
low-power,D11,39,10,3,5505602.011222798,4527103.188848819,13.1875,82.2272147463733,21.452725493572178
low-power,D12,40,11,3,5505602.011222798,4491269.84450315,13.1875,81.5763623187437,22.233112330626813
low-power,D13,41,12,3,5472666.261587133,4596407.979382,13.1875,83.98845753932365,20.157790346753913
low-power,D14,42,13,3,5406235.561291306,4528059.667688719,13.1875,83.75624066604988,20.787361400015758
low-power,D15,43,14,3,5312956.894543577,4806519.47928573,13.208333333333334,90.46788021604392,14.885897071637821
low-power,D16,44,15,3,5184383.497814639,4469955.819052222,2.7291666666666665,86.21962130958161,18.844503688020943
low-power,D17,45,16,3,5030143.834856761,4519754.791808072,1.3958333333333333,89.85339068215286,16.715543661333122
low-power,D18,46,17,3,4840705.940506407,4179674.059396441,2.8958333333333335,86.34430826341803,19.53494226356708
low-power,D19,47,18,3,4634829.928441549,3961216.842208975,2.9166666666666665,85.46628254687492,20.274627474707252
low-power,E03,48,2,4,4605930.485113044,3727988.0514428965,12.020833333333334,80.93886921420612,22.25710389372103
low-power,E04,49,3,4,4833706.893210676,3844628.0824001213,12.041666666666666,79.53788194729403,23.497723685156036
low-power,E05,50,4,4,5046202.20778458,4070985.60589533,12.020833333333334,80.67424645835989,22.273930275668043
low-power,E06,51,5,4,5226981.293094191,4098735.1069947956,19.75,78.41495649525248,24.781175220077824
low-power,E07,52,6,4,5385198.1329400325,4495496.231265873,19.708333333333332,83.47875269004392,20.468666146734094
low-power,E08,53,7,4,5509539.617519945,4602019.6496279985,19.6875,83.5282068758323,21.01820127754632
low-power,E09,54,8,4,5606327.068053454,4454655.7398433015,19.75,79.45765000453284,24.367731050825736
low-power,E10,55,9,4,5669996.507927121,4625790.597111215,13.1875,81.58365866088242,21.34956111664482
low-power,E11,56,10,4,5703093.806537876,4542209.255849319,13.166666666666666,79.64465270836418,23.32287129119418
low-power,E12,57,11,4,5703093.806537875,4759039.4507557,13.125,83.44662760588058,20.38614567544861
low-power,E13,58,12,4,5669996.50792712,4765910.338226409,13.145833333333334,84.05490782160581,19.78373228086201
low-power,E14,59,13,4,5606327.068053453,4937189.854195656,13.145833333333334,88.06460618983964,16.54921596325938
low-power,E15,60,14,4,5509539.617519944,4676290.7069715485,13.1875,84.87625158554586,19.431902805768065
low-power,E16,61,15,4,5385198.132940032,4820893.239499186,13.229166666666666,89.52118604533563,14.67151201172685
low-power,E17,62,16,4,5226981.293094191,4413169.3930959925,2.4166666666666665,84.43055648442068,20.33439604699995
low-power,E18,63,17,4,5046202.20778458,4476586.491712729,1.9583333333333333,88.71199185809228,17.26420473995509
low-power,E19,64,18,4,4833706.893210676,4062876.2579458803,2.875,84.05301247480504,21.196549967270272
low-power,E20,65,19,4,4605930.485113044,3829371.7504078,1.4791666666666667,83.14002486109634,22.092451541121395
low-power,F03,66,2,5,4783611.680034372,3818878.1614807537,12,79.83252857709624,23.31576614526931
low-power,F04,67,3,5,5014615.843792796,4184881.641386481,11.979166666666666,83.45368362696459,19.782873954157964
low-power,F05,68,4,5,5220235.455154861,4048342.171962835,11.979166666666666,77.55094969835491,25.22133403953545
low-power,F06,69,5,5,5404778.628483014,4344189.613420709,19.770833333333332,80.37682784132852,22.706352849426114
low-power,F07,70,6,5,5558070.463898022,4448354.016378663,19.770833333333332,80.03414215909228,23.55569917400523
low-power,F08,71,7,5,5685102.954659442,4627145.256716624,19.770833333333332,81.39070292340566,22.782236964707703
low-power,F09,72,8,5,5779372.729633639,4993446.882535701,20.770833333333332,86.40119120422678,18.427179433902662
low-power,F10,73,9,5,5844171.611915346,4758636.225779676,20.75,81.42533350796143,21.80909988421007
low-power,F11,74,10,5,5876133.644191159,4831255.430594335,13.125,82.21827009278906,21.33051931634582
low-power,F12,75,11,5,5876133.644191159,5087642.835510148,13.0625,86.5814691015329,23.3884342382916
low-power,F13,76,12,5,5844171.611915346,4974545.908995994,13.104166666666666,85.11977811968558,18.75635631589352
low-power,F14,77,13,5,5779372.729633639,4872930.872628707,13.125,84.31591282636668,19.387903613947145
low-power,F15,78,14,5,5685102.954659442,5024728.846129812,13.145833333333334,88.3841310562653,15.641806583927353
low-power,F16,79,15,5,5558070.463898023,4683499.028633653,2.125,84.26483721383033,19.333112438101708
low-power,F17,80,16,5,5404778.628483014,4529049.1563085,1.8125,83.79712598108186,20.233783891317803
low-power,F18,81,17,5,5220235.455154861,4305313.366551785,1.8333333333333333,82.47354747764084,21.909210478685313
low-power,F19,82,18,5,5014615.843792795,4301561.518407039,10.6875,85.78047955022535,18.876294634580525
low-power,F20,83,19,5,4783611.680034373,3765548.0268171397,1.2291666666666667,78.71767774406977,25.834128083878237
low-power,G02,84,1,6,4658494.145209977,3666724.282883493,11.9375,78.71050533902128,24.456724118895956
low-power,G03,85,2,6,4928045.372922851,3924284.6956988503,11.958333333333334,79.63166729878007,23.500055000436358
low-power,G04,86,3,6,5162124.327846742,4103902.436045316,11.9375,79.50026336845633,23.493334400533104
low-power,G05,87,4,6,5371899.296747004,4494553.394493079,11.9375,83.66786393808222,19.288956928898305
low-power,G06,88,5,6,5552571.304517052,4503303.24356388,19.770833333333332,81.10302410525398,21.861103558128715
low-power,G07,89,6,6,5708036.136999339,4893640.304580294,19.770833333333332,85.73246887593872,17.99696293683478
low-power,G08,90,7,6,5832223.427286435,4907112.7994966,20.729166666666668,84.13794259901559,20.372426618562912
low-power,G09,91,8,6,5927869.242600707,5181708.309439887,20.770833333333332,87.41266207765642,23.29200581046772
low-power,G10,92,9,6,5991185.061668024,5147523.0534272,20.645833333333332,85.91827827788818,18.03884677773514
low-power,G11,93,10,6,6023513.350534234,4857573.323955381,20.666666666666668,80.6435221650925,22.341783409398275
low-power,G12,94,11,6,6023513.350534234,5131719.203111418,13.0625,85.19478424757335,18.546647636919634
low-power,G13,95,12,6,5991185.0616680235,4891742.45329933,13.083333333333334,81.64899603247116,21.484919745035036
low-power,G14,96,13,6,5927869.242600706,5196609.367636583,13.104166666666666,87.66403500082433,15.777330983549609
low-power,G15,97,14,6,5832223.427286436,4759376.922300484,13.125,81.60484558999283,21.481739706005776
low-power,G16,98,15,6,5708036.136999341,4827396.098394314,17.791666666666668,84.57192600977521,19.39657944529608
low-power,G17,99,16,6,5552571.304517053,4489105.18500281,1.4166666666666667,80.84732169672263,22.742512471993447
low-power,G18,100,17,6,5371899.296747003,4393037.702395562,1.25,81.77810974706472,22.069922502602214
low-power,G19,101,18,6,5162124.327846741,4146895.0869098273,1.0625,80.33311140027514,23.763719497486925
low-power,G20,102,19,6,4928045.372922851,3918922.801862736,0.7708333333333334,79.52286363667146,24.837557240118624
low-power,G21,103,20,6,4658494.145209977,3531869.1556220753,0.5833333333333334,75.81568304113173,28.358922960877063
low-power,H02,104,1,7,4807472.0116356285,3864110.224932404,11.916666666666666,80.37717568776301,22.87777029512125
low-power,H03,105,2,7,5055959.639595347,3982796.5866824007,11.916666666666666,78.77429549657487,24.281866558581488
low-power,H04,106,3,7,5287643.482181484,4250792.412553291,11.916666666666666,80.39105561632103,22.57507064729223
low-power,H05,107,4,7,5493613.714834098,4288024.613193097,11.895833333333334,78.05471654503818,24.581665883784197
low-power,H06,108,5,7,5675526.242933749,4770859.367325086,17.0625,84.06021156654842,19.037083108511275
low-power,H07,109,6,7,5828208.785565562,4707581.745527392,17.0625,80.77235937714566,22.68692328762555
low-power,H08,110,7,7,5953475.132211619,4858734.200906111,20.6875,81.61173252606113,22.299261362696278
low-power,H09,111,8,7,6047455.501500435,5296650.951114928,20.708333333333332,87.5847858624305,17.383346369183794
low-power,H10,112,9,7,6111329.244445109,5043529.30857751,20.625,82.52753381208883,21.235278350897225
low-power,H11,113,10,7,6143075.92962072,5244221.370095484,20.583333333333332,85.36800505442015,17.933742321379786
low-power,H12,114,11,7,6143075.9296207195,4939797.114295962,13.041666666666666,80.41243785506899,22.262693277938784
low-power,H13,115,12,7,6111329.24444511,5204640.373381428,13.041666666666666,85.16380259028237,17.795806339211484
low-power,H14,116,13,7,6047455.501500435,5012983.855049816,13.083333333333334,82.89410073056418,19.64540320836152
low-power,H15,117,14,7,5953475.132211618,5187944.15123495,17.75,87.14144320793885,16.50164953725548
low-power,H16,118,15,7,5828208.785565563,5083027.533784471,17.75,87.21423203597914,22.93792097508225
low-power,H17,119,16,7,5675526.242933749,4758863.021407394,17.791666666666668,83.84884181149481,20.157362794392675
low-power,H18,120,17,7,5493613.714834097,4307908.458296751,1.0416666666666667,78.41666127096536,24.869447202062567
low-power,H19,121,18,7,5287643.482181484,4325110.39916962,0.6458333333333334,81.79655859447698,22.348975566935724
low-power,H20,122,19,7,5055959.6395953465,3933189.707441003,0.6041666666666666,77.79313894514782,26.095642135233998
low-power,H21,123,20,7,4807472.0116356285,3873209.620391497,0.4791666666666667,80.566451786242,24.108173602529902
low-power,J01,124,0,8,4606486.835566402,3866282.8068099045,11.895833333333334,83.93126790157245,19.929443798526425
low-power,J02,125,1,8,4897950.82359485,3907856.4861499784,11.916666666666666,79.78553944079431,23.564771779652393
low-power,J03,126,2,8,5153665.749412325,4159175.0590228136,11.895833333333334,80.70323651659183,22.458863313671284
low-power,J04,127,3,8,5382481.659498054,4180223.2066517915,11.875,77.66349188157979,25.08760896427169
low-power,J05,128,4,8,5588546.921177312,4634979.097429652,18.520833333333332,82.93710624251543,20.029359761862896
low-power,J06,129,5,8,5767794.937449864,4708388.249659209,18.5625,81.63237945732074,21.93078686100527
low-power,J07,130,6,8,5921021.376589866,5143342.380893888,17.0625,86.86579651999378,18.11239675931583
low-power,J08,131,7,8,6044592.137655852,5127098.694212409,17,84.8212514169855,18.735424088346253
low-power,J09,132,8,8,6139052.374226681,4990507.499552614,20.604166666666668,81.29116996141043,22.212753347223966
low-power,J10,133,9,8,6202091.960793213,5342399.980630252,20.5625,86.13867731085672,17.437736731131082
low-power,J11,134,10,8,6234006.704951216,5421703.805705346,20.520833333333332,86.96981030513304,22.447507280360146
low-power,J12,135,11,8,6234006.704951215,5223560.672590106,20.5625,83.79138682095761,19.263596094938407
low-power,J13,136,12,8,6202091.960793214,5147221.710463618,13.020833333333334,82.99170252556713,19.66823825209386
low-power,J14,137,13,8,6139052.374226682,5352506.614712949,17.854166666666668,87.18783109237097,15.371682840855371
low-power,J15,138,14,8,6044592.137655852,5062634.99926228,17.791666666666668,83.75478252244189,18.997816475777075
low-power,J16,139,15,8,5921021.376589868,5121669.429220837,17.770833333333332,86.49976251513878,17.2010906080856
low-power,J17,140,16,8,5767794.937449865,4617027.041557605,17.833333333333332,80.04839096444971,22.998635899757545
low-power,J18,141,17,8,5588546.921177311,4632688.161745833,0.8333333333333334,82.8961128373221,20.313927142502774
low-power,J19,142,18,8,5382481.659498054,4255150.677192272,14.666666666666666,79.05555367166988,24.165748670220776
low-power,J20,143,19,8,5153665.749412326,4152897.0026785587,14.666666666666666,80.58141921897271,23.180307264774648
low-power,J21,144,20,8,4897950.823594849,3787177.71354081,14.6875,77.32167696124831,26.465433738387855
low-power,J22,145,21,8,4606486.835566402,3646303.807417595,14.6875,79.15584994761532,24.86682426357183
low-power,K01,146,0,9,4724551.158262206,3783421.5020442884,11.895833333333334,80.08001977982421,23.508431266119857
low-power,K02,147,1,9,4980411.436454464,4190560.848226337,18.541666666666668,84.14085666805033,19.51410830365755
low-power,K03,148,2,9,5223557.861038766,4190432.2504307968,18.520833333333332,80.22180211089841,23.09068746768933
low-power,K04,149,3,9,5449310.707698692,4385806.102611525,18.520833333333332,80.48368569652918,22.70709588873413
low-power,K05,150,4,9,5652159.196601739,4512825.938592349,18.520833333333332,79.84251295160982,23.94756289567235
low-power,K06,151,5,9,5831165.6294557275,4869331.179994547,18.541666666666668,83.50527989459704,21.769795174848426
low-power,K07,152,6,9,5982803.020561033,5173036.640579628,16.958333333333332,86.46510043538973,24.218490303073892
low-power,K08,153,7,9,6106600.609385954,4943073.895976104,17,80.94640884780496,23.11820165785199
low-power,K09,154,8,9,6200209.890353879,5172875.741650595,20.5625,83.43065530246673,19.551770982634842
low-power,K10,155,9,9,6263425.787997051,5127464.181330427,20.541666666666668,81.86357362382212,21.13107848163708
low-power,K11,156,10,9,6295063.374039246,5239891.159866679,20.520833333333332,83.23810021477969,20.218033297328308
low-power,K12,157,11,9,6295063.374039248,5091867.339379059,20.5625,80.88667320455976,22.150396082943647
low-power,K13,158,12,9,6263425.78799705,5203269.195407625,12.958333333333334,83.07385401418722,20.370511086856535
low-power,K14,159,13,9,6200209.890353878,5109739.043272609,12.979166666666666,82.41235593043722,20.158070856463304
low-power,K15,160,14,9,6106600.609385955,5128849.174609375,12.979166666666666,83.98861334940165,18.025093098042323
low-power,K16,161,15,9,5982803.020561031,4779011.603406872,17.833333333333332,79.87914004494043,22.385805557156313
low-power,K17,162,16,9,5831165.6294557275,4754730.20201825,14.645833333333334,81.53996137581927,20.895975494923867
low-power,K18,163,17,9,5652159.19660174,4529263.898157584,14.645833333333334,80.13333914728946,22.931251743820734
low-power,K19,164,18,9,5449310.707698692,4419206.427702701,14.625,81.09661321860987,22.974230316313914
low-power,K20,165,19,9,5223557.861038766,4142007.6694318843,14.666666666666666,79.29476000114983,24.506872364361886
low-power,K21,166,20,9,4980411.436454463,4120872.0308313766,14.708333333333334,82.74159842836218,21.02880443450821
low-power,K22,167,21,9,4724551.158262205,3690473.850747732,14.6875,78.11268683785764,25.77822069495096
low-power,L01,168,0,10,4778938.89610593,3992059.1841721325,18.479166666666668,83.53442617617524,20.4452222700382
low-power,L02,169,1,10,5023043.443419824,3985306.3669231767,18.479166666666668,79.34047180388055,24.522307014376064
low-power,L03,170,2,10,5260960.897591241,4243812.346730264,18.479166666666668,80.66610699717073,23.233043654768448
low-power,L04,171,3,10,5483064.860220667,4393708.06907823,18.5,80.13233804608696,23.413872567169847
low-power,L05,172,4,10,5684975.115295151,4630446.813005039,18.520833333333332,81.45060829812685,23.132253332306007
low-power,L06,173,5,10,5862718.16700525,5016981.174374153,18.604166666666668,85.57431947879033,25.37257613473807
low-power,L07,174,6,10,6014309.670745321,5044911.871323485,18.5625,83.88181100588884,21.336457417450383
low-power,L08,175,7,10,6137490.489109186,5081809.03691626,17,82.79946088607053,20.896920655039775
low-power,L09,176,8,10,6231186.077215911,4999057.136115326,17,80.22641394700413,22.48976396149419
low-power,L10,177,9,10,6294121.029825143,5365469.1611234695,13.583333333333334,85.24572590356637,17.329542845358624
low-power,L11,178,10,10,6325798.143363796,5170603.142814496,20.479166666666668,81.73835183531456,20.966398469074075
low-power,L12,179,11,10,6325798.143363795,5242921.825435832,12.1875,82.881585953482,20.73464827170036
low-power,L13,180,12,10,6294121.029825143,5429501.376068886,12.208333333333334,86.26305961294366,23.456487916794977
low-power,L14,181,13,10,6231186.07721591,5320235.235717634,12.25,85.38077935388364,17.99274806168809
low-power,L15,182,14,10,6137490.4891091855,4964084.098638936,14.645833333333334,80.88133264642238,21.128810281453912
low-power,L16,183,15,10,6014309.6707453225,5091502.478474682,14.6875,84.65647359730511,17.352370151785824
low-power,L17,184,16,10,5862718.16700525,4623323.098201345,14.645833333333334,78.85971944244075,23.4787346661112
low-power,L18,185,17,10,5684975.115295151,4599514.807649679,14.625,80.90650731741825,22.78189523697841
low-power,L19,186,18,10,5483064.860220666,4583912.571548817,14.583333333333334,83.60128301244164,26.37394218832051
low-power,L20,187,19,10,5260960.897591241,4255475.331849866,14.625,80.88779625406944,23.610864021199106
low-power,L21,188,20,10,5023043.443419824,3893684.714970153,14.666666666666666,77.51644513588413,26.199740198174936
low-power,L22,189,21,10,4778938.89610593,3916697.938493423,14.666666666666666,81.95748101497813,22.22276500981797
low-power,M01,190,0,11,4778938.89610593,4056533.6077604597,18.458333333333332,84.88356298227384,19.676572438716278
low-power,M02,191,1,11,5023043.443419824,4080830.587108183,18.458333333333332,81.24219177228224,23.344754540278213
low-power,M03,192,2,11,5260960.897591241,4399276.8219983885,18.4375,83.62116555575658,21.30414624119784
low-power,M04,193,3,11,5483064.860220666,4402146.227820911,18.479166666666668,80.28623297452198,23.6624803377823
low-power,M05,194,4,11,5684975.115295151,4667735.663521976,18.520833333333332,82.10652762513698,21.931443774816316
low-power,M06,195,5,11,5862718.16700525,4668524.000976107,18.541666666666668,79.63070828221046,25.024761232183923
low-power,M07,196,6,11,6014309.6707453225,4923346.635888665,18.5625,81.86054435867682,22.470842100998954
low-power,M08,197,7,11,6137490.4891091855,4872866.058730851,17.0625,79.39508936718718,24.259049852774783
low-power,M09,198,8,11,6231186.07721591,5107681.450492806,13.729166666666666,81.96965051595626,21.14639588658206
low-power,M10,199,9,11,6294121.029825143,5150389.114349585,13.666666666666666,81.82856811847275,20.98848460223798
low-power,M11,200,10,11,6325798.143363795,5204872.196044179,13.604166666666666,82.28008668762935,20.574974387363397
low-power,M12,201,11,11,6325798.143363796,5185363.97814703,12.1875,81.97169528064752,21.6062959044273
low-power,M13,202,12,11,6294121.029825143,5271264.8713609995,12.208333333333334,83.74902303884426,20.927775059110722
low-power,M14,203,13,11,6231186.077215911,4998486.685975456,12.270833333333334,80.21725918685412,23.017405228035503
low-power,M15,204,14,11,6137490.489109186,5040147.802211866,19.041666666666668,82.12066171272238,20.001884010963543
low-power,M16,205,15,11,6014309.670745322,4751818.732501984,19.0625,79.00854782412819,22.96875297671308
low-power,M17,206,16,11,5862718.16700525,4737874.696503961,19.104166666666668,80.8136185561198,21.486240908647545
low-power,M18,207,17,11,5684975.115295151,4506721.926221235,14.645833333333334,79.27425951427855,23.78893813371382
low-power,M19,208,18,11,5483064.860220667,4419988.591838388,14.625,80.61164156392095,23.4526249692548
low-power,M20,209,19,11,5260960.897591241,4169757.948978139,14.666666666666666,79.25848585735137,24.54130996047814
low-power,M21,210,20,11,5023043.443419824,4027096.043311292,14.666666666666666,80.17243109029405,23.481721902852136
low-power,M22,211,21,11,4778938.89610593,3647470.049531706,14.6875,76.32384780026817,27.30116796922919
low-power,N01,212,0,12,4724551.158262205,3719942.441272114,18.458333333333332,78.73641996164544,25.96223886059772
low-power,N02,213,1,12,4980411.436454463,4178974.350871043,18.4375,83.90821529889585,21.570199125752687
low-power,N03,214,2,12,5223557.861038766,4437876.720720899,18.416666666666668,84.9588889178759,25.947213109264123
low-power,N04,215,3,12,5449310.707698692,4492632.28553053,18.479166666666668,82.44404708256802,21.960716910236812
low-power,N05,216,4,12,5652159.19660174,4580690.025513859,18.520833333333332,81.04318838485506,22.688175260570766
low-power,N06,217,5,12,5831165.6294557275,4968955.02679589,18.541666666666668,85.21375214752193,19.409436041119797
low-power,N07,218,6,12,5982803.020561031,4828801.406853089,13.833333333333334,80.71135536734207,23.519302175784805
low-power,N08,219,7,12,6106600.609385955,5278460.787004802,13.791666666666666,86.43861167032462,19.134133407659025
low-power,N09,220,8,12,6200209.890353878,5032902.873358998,13.770833333333334,81.17310482003288,22.654905961480353
low-power,N10,221,9,12,6263425.78799705,5396949.551141992,13.708333333333334,86.1660971777532,17.56892860767931
low-power,N11,222,10,12,6295063.374039248,5189298.913384357,13.708333333333334,82.43441892554969,20.36859144591373
low-power,N12,223,11,12,6295063.374039246,5411595.045995703,12.166666666666666,85.96569604546073,17.69099410490457
low-power,N13,224,12,12,6263425.787997051,5379210.053386871,15.208333333333334,85.88287361359575,23.77285102514164
low-power,N14,225,13,12,6200209.890353879,5170569.73673743,12.25,83.39346293391881,19.89895658468852
low-power,N15,226,14,12,6106600.609385955,4868514.461044152,19.020833333333332,79.7254441949447,22.917955331341943
low-power,N16,227,15,12,5982803.020561033,4919403.391486599,19.020833333333332,82.22572888627855,20.96806160423874
low-power,N17,228,16,12,5831165.6294557275,4697143.97673772,19.0625,80.55240195905985,22.26907724281678
low-power,N18,229,17,12,5652159.196601739,4573665.272624364,19.125,80.9189039716751,21.83494070818449
low-power,N19,230,18,12,5449310.707698692,4290161.6841532495,14.666666666666666,78.72852025288599,24.256273664288898
low-power,N20,231,19,12,5223557.861038766,4350755.297193374,14.708333333333334,83.29103291158289,20.05631755403382
low-power,N21,232,20,12,4980411.436454464,3821521.8292033174,14.6875,76.73104678122425,26.492555056136247
low-power,N22,233,21,12,4724551.158262206,3769557.5319601665,0.3125,79.78657454831524,24.01087110286657
low-power,O01,234,0,13,4606486.835566402,3707850.942192509,18.458333333333332,80.49194699883692,24.27295676574882
low-power,O02,235,1,13,4897950.823594849,3868620.928088926,18.458333333333332,78.98447876309123,25.6697840897384
low-power,O03,236,2,13,5153665.749412326,4185535.0007307054,18.458333333333332,81.21471597586599,23.634743214667687
low-power,O04,237,3,13,5382481.659498054,4282482.189351851,18.5,79.56334011458975,24.134466241597575
low-power,O05,238,4,13,5588546.921177311,4730622.47327619,18.604166666666668,84.64852384704706,19.269860829900367
low-power,O06,239,5,13,5767794.937449865,4613403.752985101,13.916666666666666,79.98557166154802,23.44769409409836
low-power,O07,240,6,13,5921021.376589868,5103622.69810449,13.875,86.19497166963197,19.192080408725353
low-power,O08,241,7,13,6044592.137655852,5241309.671765237,13.75,86.7107250977874,23.976203012453734
low-power,O09,242,8,13,6139052.374226682,5315467.817105272,13.854166666666666,86.58450023037709,18.510719128931186
low-power,O10,243,9,13,6202091.960793214,4989171.78726467,13.791666666666666,80.4433700564895,22.508489134636832
low-power,O11,244,10,13,6234006.704951215,5275855.60082489,15.166666666666666,84.63025226833113,17.616230151584144
low-power,O12,245,11,13,6234006.704951216,5047896.615784906,15.1875,80.97355127603136,21.77223177113875
low-power,O13,246,12,13,6202091.960793213,5125987.92388626,15.145833333333334,82.64933761528222,20.649283521798022
low-power,O14,247,13,13,6139052.374226681,4904334.632221605,19.041666666666668,79.8874864272418,22.7677806549619
low-power,O15,248,14,13,6044592.137655852,4922483.389726168,19.020833333333332,81.43615446045878,21.66017687722054
low-power,O16,249,15,13,5921021.376589866,5053975.095438846,18.979166666666668,85.35647439850345,23.925814972506387
low-power,O17,250,16,13,5767794.937449864,4860351.97322901,19.020833333333332,84.26707304850777,19.3454072969491
low-power,O18,251,17,13,5588546.921177312,4560155.919723312,19.104166666666668,81.59823982944474,21.278525084168432
low-power,O19,252,18,13,5382481.659498054,4543414.859877425,11.3125,84.41115357745824,18.35414540250936
low-power,O20,253,19,13,5153665.749412325,4092386.776998384,11.291666666666666,79.40729911451942,23.462781255217756
low-power,O21,254,20,13,4897950.82359485,3902339.1617843136,11.3125,79.67289387605963,23.60670505232092
low-power,O22,255,21,13,4606486.835566402,3529664.3641054356,14.708333333333334,76.62378055339512,26.696231935238046
low-power,P02,256,1,14,4807472.0116356285,3920867.9404920405,18.479166666666668,81.5577902690287,22.52171422665654
low-power,P03,257,2,14,5055959.6395953465,4019824.0385496793,18.5,79.50664809641174,24.241290032401675
low-power,P04,258,3,14,5287643.482181484,4254239.028542273,18.541666666666668,80.45623807426466,22.698172445372833
low-power,P05,259,4,14,5493613.714834097,4330724.835107716,13.979166666666666,78.83198673786805,23.83838447981448
low-power,P06,260,5,14,5675526.242933749,4795539.956982893,13.916666666666666,84.49507150026002,18.49043772787664
low-power,P07,261,6,14,5828208.785565563,4662976.883289854,13.875,80.0070322607251,23.15574057763161
low-power,P08,262,7,14,5953475.132211618,4867277.209603054,13.833333333333334,81.75522869438679,21.943458947901227
low-power,P09,263,8,14,6047455.501500435,4978033.784097964,13.854166666666666,82.31617054251764,20.6598274786547
low-power,P10,264,9,14,6111329.24444511,4917013.524888935,15.3125,80.45734942783932,21.87104891079159
low-power,P11,265,10,14,6143075.9296207195,5238499.946385805,15.229166666666666,85.2748689158598,17.67605702586501
low-power,P12,266,11,14,6143075.92962072,4944250.063770091,15.1875,80.48492514848915,21.72895431157469
low-power,P13,267,12,14,6111329.244445109,5025588.209672319,15.166666666666666,82.23396267252866,20.1158846391441
low-power,P14,268,13,14,6047455.501500435,4740333.912143743,16.458333333333332,78.38559392404983,23.585201593996995
low-power,P15,269,14,14,5953475.132211619,4819986.563444037,19.0625,80.96089185566969,21.680052966829965
low-power,P16,270,15,14,5828208.785565562,4928244.799199251,19.020833333333332,84.55848066741866,19.010915938973426
low-power,P17,271,16,14,5675526.242933749,4529287.567307883,19.083333333333332,79.80383445406532,23.36500209874829
low-power,P18,272,17,14,5493613.714834098,4651214.848993567,11.166666666666666,84.66585184965138,18.155711878888937
low-power,P19,273,18,14,5287643.482181485,4199202.891663533,11.25,79.41539375364805,23.36356420728518
low-power,P20,274,19,14,5055959.639595347,4272138.599648796,11.25,84.49708668937704,19.110043741059336
low-power,P21,275,20,14,4807472.0116356285,3825512.0968358982,11.291666666666666,79.57429783422407,23.871652617128735
low-power,Q02,276,1,15,4658494.145209977,3621434.594811362,11.916666666666666,77.73830946068794,25.919921288680115
low-power,Q03,277,2,15,4928045.372922852,4021867.640639411,11.895833333333334,81.61182246286864,22.198731621206747
low-power,Q04,278,3,15,5162124.327846741,4050933.627668356,11.9375,78.47415851291802,24.758089588518118
low-power,Q05,279,4,15,5371899.296747003,4443955.357492512,11.895833333333334,82.72596175031772,20.41459540852778
low-power,Q06,280,5,15,5552571.304517053,4418995.891282277,13.979166666666666,79.58467616052755,23.131098337409984
low-power,Q07,281,6,15,5708036.136999339,4657705.029245065,13.9375,81.59908097031735,21.111439216713446
low-power,Q08,282,7,15,5832223.427286436,4842900.237564121,13.875,83.03694633690297,19.758755847706777
low-power,Q09,283,8,15,5927869.242600706,4668221.084880163,15.395833333333334,78.75040581752266,23.52536908776075
low-power,Q10,284,9,15,5991185.0616680235,4816853.190782408,15.291666666666666,80.39900522520888,21.9895599124174
low-power,Q11,285,10,15,6023513.350534234,4807823.140537889,15.229166666666666,79.81758918342027,22.51594092832527
low-power,Q12,286,11,15,6023513.350534234,4877148.752728687,15.208333333333334,80.96850573587797,21.39357920196009
low-power,Q13,287,12,15,5991185.061668024,4862389.681342043,16.458333333333332,81.15906337882826,21.40737293903757
low-power,Q14,288,13,15,5927869.242600707,4948471.165804955,16.416666666666668,83.4780755662204,19.232625026166993
low-power,Q15,289,14,15,5832223.427286435,4606382.70131304,16.4375,78.98158838980311,24.005359842402818
low-power,Q16,290,15,15,5708036.136999339,4617863.133759076,19.125,80.9010844172168,22.484814043913172
low-power,Q17,291,16,15,5552571.304517053,4562526.393192944,16.458333333333332,82.1696137333941,21.159758212651457
low-power,Q18,292,17,15,5371899.296747004,4371019.893144603,16.479166666666668,81.36823964275557,21.790571221628518
low-power,Q19,293,18,15,5162124.327846742,4351664.630654307,11.229166666666666,84.29988032600332,18.886655270100107
low-power,Q20,294,19,15,4928045.372922851,4076856.6574605615,11.291666666666666,82.72766074478237,20.56864732680037
low-power,Q21,295,20,15,4658494.145209977,3939875.5011494937,0.2708333333333333,84.57401422733585,19.527866195865528
low-power,R03,296,2,16,4783611.680034373,3724354.048467238,11.979166666666666,77.85652970143421,25.676504352934636
low-power,R04,297,3,16,5014615.843792795,3971189.5568409995,11.979166666666666,79.19229868339023,24.228736877626133
low-power,R05,298,4,16,5220235.455154861,4142161.8421695083,11.958333333333334,79.3481803216217,23.819907648144255
low-power,R06,299,5,16,5404778.628483014,4361860.372811683,11.916666666666666,80.70377480078122,22.33854585888929
low-power,R07,300,6,16,5558070.463898023,4297359.504998794,14.020833333333334,77.31747074658246,25.461950980440427
low-power,R08,301,7,16,5685102.954659442,4483577.877893118,14.020833333333334,78.86537699758685,23.80905856415273
low-power,R09,302,8,16,5779372.729633639,4651233.934907104,15.354166666666666,80.47990936902163,22.252103509351596
low-power,R10,303,9,16,5844171.611915346,4669380.925169276,15.291666666666666,79.89808026254984,22.82555980184299
low-power,R11,304,10,16,5876133.644191159,4854957.663377455,15.229166666666666,82.62163451943975,20.199607741862526
low-power,R12,305,11,16,5876133.644191159,4694371.168571418,15.208333333333334,79.8887747083838,23.254298575010278
low-power,R13,306,12,16,5844171.611915347,4844287.949940242,16.4375,82.89092572270637,21.174264346572834
low-power,R14,307,13,16,5779372.729633639,4655631.438979067,16.4375,80.55599901192379,23.356770659517302
low-power,R15,308,14,16,5685102.954659443,4644879.617267034,16.416666666666668,81.70264732778753,22.630070587601615
low-power,R16,309,15,16,5558070.463898022,4586917.442811905,16.416666666666668,82.52715528897737,22.378723713535475
low-power,R17,310,16,16,5404778.628483014,4376608.007601475,16.4375,80.97663768386163,23.330170105926207
low-power,R18,311,17,16,5220235.455154861,4304990.633849504,16.458333333333332,82.467365137686,21.418684001208167
low-power,R19,312,18,16,5014615.843792796,4175611.715944644,16.5,83.26882548965959,20.346794806863656
low-power,R20,313,19,16,4783611.680034373,4188324.8012724076,16.5625,87.55570228982951,16.170958665966285
low-power,S03,314,2,17,4605930.485113044,3639169.8950910023,12,79.01052581781823,24.60394398387191
low-power,S04,315,3,17,4833706.8932106765,3782316.43820648,12.020833333333334,78.2487751485106,25.199624872992977
low-power,S05,316,4,17,5046202.20778458,4038590.957543013,12,80.03228549408574,23.435850763367082
low-power,S06,317,5,17,5226981.293094191,4016110.4371727654,12,76.83422250771761,26.470000538800388
low-power,S07,318,6,17,5385198.132940032,4306330.563638665,20.104166666666668,79.96605616602703,23.48285087405784
low-power,S08,319,7,17,5509539.617519944,4400699.768947369,20.083333333333332,79.87418322491878,23.981557136477218
low-power,S09,320,8,17,5606327.068053453,4471496.885999305,20.104166666666668,79.75804536055783,23.367900004121157
low-power,S10,321,9,17,5669996.50792712,4751798.3726741625,15.291666666666666,83.80601938697421,19.42923955525164
low-power,S11,322,10,17,5703093.806537875,4507615.171109744,15.25,79.03806817875474,23.923292795739705
low-power,S12,323,11,17,5703093.806537876,4866359.979341747,16.583333333333332,85.3284225092542,19.0709241500321
low-power,S13,324,12,17,5669996.507927121,4868673.39235723,16.458333333333332,85.86730848159122,24.756511530669123
low-power,S14,325,13,17,5606327.068053454,4698408.4807933755,16.416666666666668,83.80546521387107,21.39984985834372
low-power,S15,326,14,17,5509539.617519945,4494743.540281842,16.395833333333332,81.58110935419862,23.928989907808894
low-power,S16,327,15,17,5385198.1329400325,4610621.251992669,16.375,85.61655742600345,25.898783869319963
low-power,S17,328,16,17,5226981.293094191,4500442.992872998,16.416666666666668,86.10023148196294,19.518102682294835
low-power,S18,329,17,17,5046202.20778458,4134415.8224588605,16.458333333333332,81.93123565442657,22.538094953277376
low-power,S19,330,18,17,4833706.893210676,4193017.5414627152,16.520833333333332,86.74538266588196,17.59823871097487
low-power,S20,331,19,17,4605930.485113044,3771605.311063614,16.520833333333332,81.88584962916666,21.803060919476813
low-power,T04,332,3,18,4634829.928441549,3930126.2348204944,12.104166666666666,84.7954789172165,18.71284171224412
low-power,T05,333,4,18,4840705.940506407,3871171.773648959,12.0625,79.9712236443757,23.832157327236292
low-power,T06,334,5,18,5030143.834856761,4162848.108182688,10.6875,82.75803326608512,21.39660634473173
low-power,T07,335,6,18,5184383.497814639,4005215.1770085827,20.083333333333332,77.25538009865382,27.023703781316243
low-power,T08,336,7,18,5312956.894543577,4429745.389456412,20.041666666666668,83.37627195894952,26.725887664635007
low-power,T09,337,8,18,5406235.561291306,4445360.738424613,20.0625,82.22654540348621,21.90317392297606
low-power,T10,338,9,18,5472666.261587133,4329168.477296776,15.3125,79.10528927523657,24.077134496465646
low-power,T11,339,10,18,5505602.011222798,4649838.378744188,15.291666666666666,84.45649302775257,18.766638898802125
low-power,T12,340,11,18,5505602.011222798,4385380.3675871715,16.541666666666668,79.65305807880536,23.995695904024206
low-power,T13,341,12,18,5472666.261587133,4689493.820669783,16.458333333333332,85.68938057826642,19.29424486260173
low-power,T14,342,13,18,5406235.561291306,4321968.607247335,16.4375,79.94414150564707,24.73577382389672
low-power,T15,343,14,18,5312956.894543577,4363763.437608525,16.416666666666668,82.13436555621453,23.05788007431885
low-power,T16,344,15,18,5184383.497814638,4250479.884057707,16.416666666666668,81.98621660317767,23.763778971530193
low-power,T17,345,16,18,5030143.834856762,4066124.0236378596,16.416666666666668,80.83514422512825,24.265221385320956
low-power,T18,346,17,18,4840705.940506408,4083669.9447142947,16.4375,84.36104144527077,20.34407757230532
low-power,T19,347,18,18,4634829.928441549,3821521.9490488144,16.479166666666668,82.4522584010713,21.86640959177436
low-power,U05,348,4,19,4621144.824327538,3828248.536528766,10.6875,82.84199439877644,21.73253926731371
low-power,U06,349,5,19,4804428.858754163,3828886.106923995,10.6875,79.69492773209393,24.55554123422217
low-power,U07,350,6,19,4968052.809953903,3949073.680822753,20.083333333333332,79.48936599285858,24.758181803805112
low-power,U08,351,7,19,5090752.3661602335,4232359.537597327,20.0625,83.13819320167873,21.69753043322613
low-power,U09,352,8,19,5184845.259658251,4033508.1221356466,20.104166666666668,77.79418517114063,25.90072378305909
low-power,U10,353,9,19,5250976.539444979,4225234.891853112,15.3125,80.46569738244752,22.96670138192064
low-power,U11,354,10,19,5287373.958214552,4245400.884176057,15.291666666666666,80.29318368110377,22.93226009210202
low-power,U12,355,11,19,5287373.958214552,4424479.132170602,16.520833333333332,83.68008707416386,19.639988842679934
low-power,U13,356,12,19,5250976.539444979,4236842.4834660245,16.5,80.68675324749886,23.223103577038373
low-power,U14,357,13,19,5184845.259658251,4257963.605006926,16.458333333333332,82.12325328466179,22.144854614903675
low-power,U15,358,14,19,5090752.3661602335,4042815.4824665687,16.4375,79.41489178181958,25.117915120409528
low-power,U16,359,15,19,4968052.809953903,3966543.435621787,16.4375,79.8410078828971,25.026685860908813
low-power,U17,360,16,19,4804428.858754164,3966547.313823819,16.416666666666668,82.56022579242405,22.301648230089132
low-power,U18,361,17,19,4621144.824327538,3642348.01125916,16.4375,78.81917035113023,25.719448208583295
low-power,V06,362,5,20,4567696.552863375,3687344.6800107677,10.6875,80.72656835531824,23.797824588802776
low-power,V07,363,6,20,4730657.414704839,3761499.858414689,10.6875,79.51325848966346,24.844239127470715
low-power,V08,364,7,20,4856359.244297651,3862692.199160316,10.6875,79.53884803097915,24.69763644045986
low-power,V09,365,8,20,4932427.525751918,4048309.9561376944,10.6875,82.07540678503035,22.235055268405734
low-power,V10,366,9,20,5010924.366932793,3887765.6216037413,11.5,77.58579728840446,25.91217920982175
low-power,V11,367,10,20,5051386.3627222525,4011096.479435409,15.291666666666666,79.40585398567258,23.920142390076936
low-power,V12,368,11,20,5051386.362722253,3919850.215026926,16.5625,77.59949316002174,25.450805865638216
low-power,V13,369,12,20,5010924.366932793,4185971.159676605,16.5625,83.53690563162212,20.199864434482016
low-power,V14,370,13,20,4932427.525751918,3852287.099437338,16.479166666666668,78.10124080535944,25.613528902238837
low-power,V15,371,14,20,4856359.244297652,3981051.753234585,16.4375,81.97605557927258,22.313924288888455
low-power,V16,372,15,20,4730657.41470484,3850050.2239096696,16.4375,81.38509907612675,23.22695458188273
low-power,V17,373,16,20,4567696.552863376,3541746.52370805,16.4375,77.53900642738223,26.946929555966282
low-power,W09,374,8,21,4637876.917895917,3632087.0516517013,10.6875,78.31357140239686,25.631467311196044
low-power,W10,375,9,21,4753795.2844480425,3790907.593570534,10.6875,79.74486419245737,24.042222554743
low-power,W11,376,10,21,4807430.466142967,3717961.7476918497,15.3125,77.33781640475384,25.96483247724236
low-power,W12,377,11,21,4807430.466142967,3809596.84442658,16.5625,79.24393022959403,23.9512575013059
low-power,W13,378,12,21,4753795.284448043,3696624.295834309,16.520833333333332,77.7615373536961,25.38631722239273
low-power,W14,379,13,21,4637876.917895916,3820473.256702822,16.479166666666668,82.37547749404422,21.151015028272347
seed1002,A09,0,8,0,4637876.917895916,4910336.273203663,0.9791666666666666,105.87465687708146,5.874656877081463
seed1002,A10,1,9,0,4753795.284448043,4739456.561667691,8.541666666666666,99.69837315402998,5.685968552685495
seed1002,A11,2,10,0,4807430.466142967,4921502.775566423,8.541666666666666,102.37283326772643,3.1575464366909944
seed1002,A12,3,11,0,4807430.466142967,4807235.938946821,0.8541666666666666,99.99595361394165,5.49979108692672
seed1002,A13,4,12,0,4753795.2844480425,5201957.490681989,0.7708333333333334,109.42746120557823,9.427461205578226
seed1002,A14,5,13,0,4637876.917895917,4895625.318013357,0.7708333333333334,105.55746529458081,5.55746529458081
seed1002,B06,6,5,1,4567696.552863376,4821600.972255867,4.729166666666667,105.55869717819422,5.558697178194216
seed1002,B07,7,6,1,4730657.41470484,5229256.598897311,4.729166666666667,110.53974406691592,10.539744066915912
seed1002,B08,8,7,1,4856359.244297651,5303802.644291254,4.729166666666667,109.21355644187551,9.213556441875514
seed1002,B09,9,8,1,4932427.525751918,4989688.56008031,8.583333333333334,101.16090979602714,4.052405529806402
seed1002,B10,10,9,1,5010924.366932793,5118312.9984465,8.541666666666666,102.14309024942318,3.2004823357384637
seed1002,B11,11,10,1,5051386.362722253,5131464.342193019,8.520833333333334,101.58526736465294,3.732856719591171
seed1002,B12,12,11,1,5051386.3627222525,5394206.9473488545,0.7708333333333334,106.7866633040885,6.786663304088503
seed1002,B13,13,12,1,5010924.366932793,5275257.332278291,0.8333333333333334,105.27513380744355,5.275133807443555
seed1002,B14,14,13,1,4932427.525751918,5427771.739488613,0.7708333333333334,110.04260500839662,10.04260500839662
seed1002,B15,15,14,1,4856359.244297651,5061632.973749454,0.7708333333333334,104.22690577705585,4.226905777055845
seed1002,B16,16,15,1,4730657.41470484,5137917.186468935,0.6666666666666666,108.60894662332055,8.608946623320545
seed1002,B17,17,16,1,4567696.552863376,4685028.390943155,0.9375,102.56873101621049,2.723238234625014
seed1002,C05,18,4,2,4621144.824327538,4596541.479263468,4.729166666666667,99.46759199290729,6.428936028512055
seed1002,C06,19,5,2,4804428.858754164,5162861.179702253,4.729166666666667,107.4604564139812,7.460456413981209
seed1002,C07,20,6,2,4968052.809953903,5140062.535362151,4.729166666666667,103.4623167665129,3.462316766512896
seed1002,C08,21,7,2,5090752.3661602335,5218047.340090019,4.729166666666667,102.5005139667754,2.786157302416037
seed1002,C09,22,8,2,5184845.259658251,5382384.873350876,8.583333333333334,103.80994231842602,3.8099423184260184
seed1002,C10,23,9,2,5250976.539444979,5355293.591345038,8.541666666666666,101.98662193815639,3.116065292473791
seed1002,C11,24,10,2,5287373.958214552,5539521.290615265,8.5,104.76885755373844,4.768857553738437
seed1002,C12,25,11,2,5287373.958214552,5321770.4906741725,8.5,100.65054094398187,4.274316048578086
seed1002,C13,26,12,2,5250976.539444979,5684859.189618208,8.5,108.2628944714175,8.262894471417503
seed1002,C14,27,13,2,5184845.259658251,5428565.564397715,0.7708333333333334,104.70062832223326,4.700628322233258
seed1002,C15,28,14,2,5090752.3661602335,5450185.41898492,0.6458333333333334,107.06050946838322,7.060509468383214
seed1002,C16,29,15,2,4968052.809953903,5131609.394225394,0.8541666666666666,103.292166780993,3.292166780993
seed1002,C17,30,16,2,4804428.858754163,5197192.987127405,5.3125,108.17504306797228,8.175043067972275
seed1002,C18,31,17,2,4621144.824327538,4670487.661867759,5.25,101.06776219780997,3.7728418709821465
seed1002,D04,32,3,3,4634829.928441549,4611644.600465359,4.729166666666667,99.49975881889618,6.046309286355179
seed1002,D05,33,4,3,4840705.940506408,4902976.019013217,4.729166666666667,101.2863842437885,4.437547955406018
seed1002,D06,34,5,3,5030143.83485676,5052056.623984292,4.729166666666667,100.43562947396624,5.103255894670722
seed1002,D07,35,6,3,5184383.497814638,5344781.458921093,4.729166666666667,103.09386759629314,3.0938675962931317
seed1002,D08,36,7,3,5312956.894543577,5467403.606218518,4.729166666666667,102.90698220859946,2.9069822085994623
seed1002,D09,37,8,3,5406235.561291306,5384351.817666746,8.583333333333334,99.59521290967696,4.906375496885229
seed1002,D10,38,9,3,5472666.261587133,5866284.3824337125,12.541666666666666,107.19243787273128,7.192437872731272
seed1002,D11,39,10,3,5505602.011222798,5884047.8618778745,8.458333333333334,106.87383232357949,6.8738323235794985
seed1002,D12,40,11,3,5505602.011222798,5689851.513612333,8.5,103.34658229951883,3.34658229951883
seed1002,D13,41,12,3,5472666.261587133,5517126.543394067,8.5,100.81240623275356,3.333150978952315
seed1002,D14,42,13,3,5406235.561291306,5752812.5943133,0.5833333333333334,106.4106905644935,6.410690564493504
seed1002,D15,43,14,3,5312956.894543577,5416157.558489093,0.7708333333333334,101.94243367665005,2.576689314345859
seed1002,D16,44,15,3,5184383.497814639,5611761.60734247,5.25,108.24356665952632,8.243566659526325
seed1002,D17,45,16,3,5030143.834856761,5230395.760305745,5.208333333333333,103.98103776002037,3.9810377600203672
seed1002,D18,46,17,3,4840705.940506407,5072602.721800393,5.208333333333333,104.79055708287306,4.790557082873059
seed1002,D19,47,18,3,4634829.928441549,4791942.313336082,5.208333333333333,103.3898198492768,3.3898198492767984
seed1002,E03,48,2,4,4605930.485113044,4591276.747499613,4.729166666666667,99.68185065621824,5.729616230259227
seed1002,E04,49,3,4,4833706.893210676,5062046.257730187,4.729166666666667,104.72389761241485,4.723897612414851
seed1002,E05,50,4,4,5046202.20778458,4972167.067072144,4.729166666666667,98.53285426021523,6.635573358323244
seed1002,E06,51,5,4,5226981.293094191,5530070.380085428,4.729166666666667,105.79854929635341,5.798549296353417
seed1002,E07,52,6,4,5385198.1329400325,5358502.236820311,4.729166666666667,99.50427272199275,5.234342998941866
seed1002,E08,53,7,4,5509539.617519945,5539871.953891842,4.729166666666667,100.5505421228925,3.768537902349489
seed1002,E09,54,8,4,5606327.068053454,5741767.906110142,12.5625,102.41585687764226,2.481554189463542
seed1002,E10,55,9,4,5669996.507927121,6051771.805072095,12.5,106.73325453748026,6.73325453748026
seed1002,E11,56,10,4,5703093.806537876,5853060.652404688,12.541666666666666,102.62957003608979,3.0070276840920562
seed1002,E12,57,11,4,5703093.806537875,5728207.708047944,8.5,100.44035575008918,3.585559576852082
seed1002,E13,58,12,4,5669996.50792712,5997180.131188719,8.479166666666666,105.77043782662246,5.770437826622454
seed1002,E14,59,13,4,5606327.068053453,5565077.417146775,0.6666666666666666,99.26423038816749,4.112902115541872
seed1002,E15,60,14,4,5509539.617519944,5641084.362154079,0.6875,102.38758142723634,2.3875814272363405
seed1002,E16,61,15,4,5385198.132940032,5483424.800258886,5.125,101.82401213277603,2.269111666158863
seed1002,E17,62,16,4,5226981.293094191,5568433.280792451,0.625,106.53248918547655,6.532489185476553
seed1002,E18,63,17,4,5046202.20778458,5166317.484105161,5.166666666666667,102.38031040720652,2.3803104072065207
seed1002,E19,64,18,4,4833706.893210676,5179934.157031153,5.25,107.16276910184152,7.162769101841526
seed1002,E20,65,19,4,4605930.485113044,4577905.337036949,5.1875,99.3915420962892,4.850458473492047
seed1002,F03,66,2,5,4783611.680034372,4816804.048383391,4.729166666666667,100.69387673099712,4.83028197298222
seed1002,F04,67,3,5,5014615.843792796,5046785.391900724,4.729166666666667,100.64151570349597,4.576168549901416
seed1002,F05,68,4,5,5220235.455154861,5521536.101527734,4.729166666666667,105.77178268990424,5.771782689904237
seed1002,F06,69,5,5,5404778.628483014,5529447.935773062,4.729166666666667,102.30664964949803,2.404125925035261
seed1002,F07,70,6,5,5558070.463898022,5724332.396600265,4.729166666666667,102.9913606490271,2.991360649027097
seed1002,F08,71,7,5,5685102.954659442,5791840.556410193,4.729166666666667,101.87749637257264,1.8909879193671597
seed1002,F09,72,8,5,5779372.729633639,5768014.352040304,12.604166666666666,99.80346694832305,3.850718417592225
seed1002,F10,73,9,5,5844171.611915346,6003920.977398987,12.541666666666666,102.73348176768008,2.7334817676800682
seed1002,F11,74,10,5,5876133.644191159,5896029.232977678,12.541666666666666,100.3385829865559,3.3224414452381335
seed1002,F12,75,11,5,5876133.644191159,6109202.993837371,8.479166666666666,103.96637251224897,3.9663725122489613
seed1002,F13,76,12,5,5844171.611915346,5771806.805553085,8.5,98.76176109861797,3.6978649517587225
seed1002,F14,77,13,5,5779372.729633639,5994288.668107124,0.5,103.71867239798374,3.7186723979837355
seed1002,F15,78,14,5,5685102.954659442,5777143.393872221,5.0625,101.61897576784152,1.6189757678415129
seed1002,F16,79,15,5,5558070.463898023,5675496.689180706,5.083333333333333,102.11271566356372,2.1127156635637245
seed1002,F17,80,16,5,5404778.628483014,5351251.363962987,5.104166666666667,99.0096307693725,4.734987708411198
seed1002,F18,81,17,5,5220235.455154861,5415099.5493964935,5.125,103.73286024961207,3.73286024961208
seed1002,F19,82,18,5,5014615.843792795,5125805.8577464465,5.145833333333333,102.21731868237293,2.2173186823729374
seed1002,F20,83,19,5,4783611.680034373,5033347.962942742,5.145833333333333,105.22066379155956,5.2206637915595655
seed1002,G02,84,1,6,4658494.145209977,4627748.878944149,4.729166666666667,99.34001706758735,6.255542774186818
seed1002,G03,85,2,6,4928045.372922851,4770783.468275288,4.729166666666667,96.80883813465601,8.436487883073507
seed1002,G04,86,3,6,5162124.327846742,5237848.735359204,4.729166666666667,101.46692335757919,3.7008487724575323
seed1002,G05,87,4,6,5371899.296747004,5310421.339453947,4.729166666666667,98.8555638537326,5.630322065607485
seed1002,G06,88,5,6,5552571.304517052,5798381.134158013,4.729166666666667,104.42695493961497,4.42695493961498
seed1002,G07,89,6,6,5708036.136999339,5786581.043928741,6.604166666666667,101.37604081411251,2.1312470070918854
seed1002,G08,90,7,6,5832223.427286435,5853971.292510256,6.645833333333333,100.37289149661297,2.4543182436489674
seed1002,G09,91,8,6,5927869.242600707,6298107.965649072,10.125,106.24573025983165,6.245730259831639
seed1002,G10,92,9,6,5991185.061668024,6099695.756850048,12.583333333333334,101.81117248198994,1.8111724819899422
seed1002,G11,93,10,6,6023513.350534234,6164513.760728276,12.5625,102.34083336399573,2.3408333639957313
seed1002,G12,94,11,6,6023513.350534234,5959896.429192786,10.125,98.94385688817631,3.4706267274531855
seed1002,G13,95,12,6,5991185.0616680235,6329862.870524977,12.541666666666666,105.65293519347007,5.652935193470077
seed1002,G14,96,13,6,5927869.242600706,5884833.023802332,11.75,99.27400188774249,3.087043599502648
seed1002,G15,97,14,6,5832223.427286436,6224205.299516857,11.770833333333334,106.72096803418928,6.72096803418929
seed1002,G16,98,15,6,5708036.136999341,5825519.841374939,11.708333333333334,102.05821584790033,2.0582158479003354
seed1002,G17,99,16,6,5552571.304517053,5955805.944599446,11.666666666666666,107.26212448193793,7.262124481937926
seed1002,G18,100,17,6,5371899.296747003,5496778.772946475,11.708333333333334,102.32468014199547,2.375992157003237
seed1002,G19,101,18,6,5162124.327846741,5446483.050862273,11.708333333333334,105.50856013834415,5.508560138344154
seed1002,G20,102,19,6,4928045.372922851,4982827.184034669,11.75,101.11163365931688,2.8109419528016377
seed1002,G21,103,20,6,4658494.145209977,4719294.974152024,11.75,101.30516057435779,2.5402457101189935
seed1002,H02,104,1,7,4807472.0116356285,4778605.136927749,4.729166666666667,99.39954149211869,6.026095604788684
seed1002,H03,105,2,7,5055959.639595347,5182449.546434351,4.729166666666667,102.50179819174996,3.07292743535571
seed1002,H04,106,3,7,5287643.482181484,5245545.984118164,6.5,99.20385142823676,5.4747656580641735
seed1002,H05,107,4,7,5493613.714834098,5643777.03429936,6.458333333333333,102.73341605835489,2.733416058354887
seed1002,H06,108,5,7,5675526.242933749,5640795.25513346,6.479166666666667,99.38805696047075,4.300920471269842
seed1002,H07,109,6,7,5828208.785565562,6023561.362285343,6.479166666666667,103.35184589137579,3.351845891375782
seed1002,H08,110,7,7,5953475.132211619,6373856.457027709,10.145833333333334,107.06110826837241,7.061108268372407
seed1002,H09,111,8,7,6047455.501500435,6199741.793071265,10.0625,102.51818788138327,2.5181878813832714
seed1002,H10,112,9,7,6111329.244445109,6376158.490392543,10.020833333333334,104.33341479986782,4.3334147998678185
seed1002,H11,113,10,7,6143075.92962072,6117267.953377017,10.041666666666666,99.57988511717294,3.4394475560164617
seed1002,H12,114,11,7,6143075.9296207195,6316033.601915892,10.041666666666666,102.81548973635837,2.8154897363583675
seed1002,H13,115,12,7,6111329.24444511,6156423.383666639,10.083333333333334,100.73787775814105,2.7657421738500942
seed1002,H14,116,13,7,6047455.501500435,6258978.78524118,11.708333333333334,103.49772369037298,3.497723690372978
seed1002,H15,117,14,7,5953475.132211618,6076240.184424264,11.708333333333334,102.06207382220207,2.0620738222020707
seed1002,H16,118,15,7,5828208.785565563,6294968.968429189,11.666666666666666,108.00863867505277,8.00863867505277
seed1002,H17,119,16,7,5675526.242933749,6147167.957162712,11.645833333333334,108.31009661555481,8.31009661555482
seed1002,H18,120,17,7,5493613.714834097,5665870.748671225,11.6875,103.1355869338245,3.135586933824497
seed1002,H19,121,18,7,5287643.482181484,5269068.58282526,11.729166666666666,99.6487111996333,4.8722633773297
seed1002,H20,122,19,7,5055959.6395953465,5327654.447802045,11.75,105.3737535022816,5.373753502281597
seed1002,H21,123,20,7,4807472.0116356285,4757678.653055802,11.75,98.96425068186959,4.825900114662729
seed1002,J01,124,0,8,4606486.835566402,4435179.154323182,4.729166666666667,96.28116420694911,8.797814906181022
seed1002,J02,125,1,8,4897950.82359485,4975793.929260361,4.729166666666667,101.58929945336565,3.8888373776098217
seed1002,J03,126,2,8,5153665.749412325,5054329.991034994,6.458333333333333,98.07252229369632,6.631499636292659
seed1002,J04,127,3,8,5382481.659498054,5661409.838781291,6.5,105.1821482529538,5.1821482529538
seed1002,J05,128,4,8,5588546.921177312,5596605.558422644,6.416666666666667,100.14419915156827,3.7181407678006595
seed1002,J06,129,5,8,5767794.937449864,6091378.960661273,6.354166666666667,105.61018598477561,5.610185984775606
seed1002,J07,130,6,8,5921021.376589866,6017942.732704123,6.375,101.63690265496182,1.6369026549618138
seed1002,J08,131,7,8,6044592.137655852,6170470.016338229,9.979166666666666,102.08248754946092,2.0824875494609207
seed1002,J09,132,8,8,6139052.374226681,6627438.441804834,9.979166666666666,107.95539828962077,7.955398289620774
seed1002,J10,133,9,8,6202091.960793213,6319351.7807123475,9.979166666666666,101.89064948827584,1.8906494882758418
seed1002,J11,134,10,8,6234006.704951216,6607538.719502637,9.958333333333334,105.99184492783354,5.991844927833534
seed1002,J12,135,11,8,6234006.704951215,6771039.36419851,9.958333333333334,108.61456659680474,8.614566596804728
seed1002,J13,136,12,8,6202091.960793214,6697063.089922042,10,107.98071251212991,7.980712512129906
seed1002,J14,137,13,8,6139052.374226682,6249772.770814449,11.708333333333334,101.80354214035702,3.096128693281408
seed1002,J15,138,14,8,6044592.137655852,6336659.757024745,11.6875,104.83188299090367,4.831882990903669
seed1002,J16,139,15,8,5921021.376589868,6042378.9643962355,11.666666666666666,102.0496056353754,2.2426696023201687
seed1002,J17,140,16,8,5767794.937449865,6091481.453773336,11.645833333333334,105.61196297430406,5.611962974304063
seed1002,J18,141,17,8,5588546.921177311,5589609.514273252,11.6875,100.01901376352258,5.375242104876598
seed1002,J19,142,18,8,5382481.659498054,5513005.550511114,11.708333333333334,102.42497604767004,2.4249760476700466
seed1002,J20,143,19,8,5153665.749412326,5099776.16146908,11.75,98.95434452749693,5.116039327104338
seed1002,J21,144,20,8,4897950.823594849,4975615.718582285,11.75,101.5856609791446,2.170451958243713
seed1002,J22,145,21,8,4606486.835566402,4434812.564822575,11.75,96.27320609236651,7.236586719385885
seed1002,K01,146,0,9,4724551.158262206,4787085.084248972,4.729166666666667,101.32359506526684,3.9816743025384738
seed1002,K02,147,1,9,4980411.436454464,4948840.067018339,6.4375,99.36608913060806,5.341979154710419
seed1002,K03,148,2,9,5223557.861038766,5472290.652031036,6.416666666666667,104.76175046987623,4.761750469876236
seed1002,K04,149,3,9,5449310.707698692,5573133.5068256445,6.395833333333333,102.27226535187319,2.272265351873193
seed1002,K05,150,4,9,5652159.196601739,5840589.225459697,6.354166666666667,103.33377072909143,3.333770729091423
seed1002,K06,151,5,9,5831165.6294557275,5939120.297682943,11.416666666666666,101.85133942486371,1.9087764117958872
seed1002,K07,152,6,9,5982803.020561033,6510101.864130676,9.854166666666666,108.81357520475738,8.813575204757385
seed1002,K08,153,7,9,6106600.609385954,6642200.362659476,9.9375,108.77083319400806,8.770833194008066
seed1002,K09,154,8,9,6200209.890353879,6284984.414055945,9.916666666666666,101.3672847403756,2.3785933302786444
seed1002,K10,155,9,9,6263425.787997051,6513836.799849179,9.9375,103.99798800732984,3.9979880073298446
seed1002,K11,156,10,9,6295063.374039246,6488009.4924117075,9.9375,103.06503853747,3.0650385374699995
seed1002,K12,157,11,9,6295063.374039248,6670824.238046042,9.958333333333334,105.96913552223202,5.969135522232016
seed1002,K13,158,12,9,6263425.78799705,6867623.342613721,10.541666666666666,109.6464391064476,9.646439106447602
seed1002,K14,159,13,9,6200209.890353878,6781072.06442529,10.5625,109.36842759105787,9.36842759105787
seed1002,K15,160,14,9,6106600.609385955,6353604.9265901055,11.6875,104.04487427627902,4.04487427627902
seed1002,K16,161,15,9,5982803.020561031,6192068.1606504945,11.6875,103.4977775362198,3.497777536219804
seed1002,K17,162,16,9,5831165.6294557275,6022830.05945676,11.6875,103.28689737490653,3.286897374906528
seed1002,K18,163,17,9,5652159.19660174,5906936.845050853,11.6875,104.50761628586636,4.507616285866356
seed1002,K19,164,18,9,5449310.707698692,5549270.298613195,11.729166666666666,101.83435293519385,3.610396849813524
seed1002,K20,165,19,9,5223557.861038766,5470001.623734457,11.729166666666666,104.71792922088324,4.717929220883232
seed1002,K21,166,20,9,4980411.436454463,4996943.013911821,11.75,100.33193196321801,3.395949581247548
seed1002,K22,167,21,9,4724551.158262205,4689872.225075798,8.125,99.26598459780118,4.325618690765243
seed1002,L01,168,0,10,4778938.89610593,4589478.497271953,6.458333333333333,96.03551326031064,8.436639420533599
seed1002,L02,169,1,10,5023043.443419824,5062459.611876692,6.4375,100.78470689933016,3.7078241451012683
seed1002,L03,170,2,10,5260960.897591241,5251873.022239996,11.333333333333334,99.82725826083586,4.30725024886589
seed1002,L04,171,3,10,5483064.860220667,5770053.586510727,11.3125,105.2340932235208,5.234093223520797
seed1002,L05,172,4,10,5684975.115295151,5729247.401017069,11.354166666666666,100.77875953410604,3.3409111716786066
seed1002,L06,173,5,10,5862718.16700525,6067205.541108308,11.375,103.48792775429479,3.487927754294784
seed1002,L07,174,6,10,6014309.670745321,6544984.570702108,11.458333333333334,108.82353801198639,8.823538011986386
seed1002,L08,175,7,10,6137490.489109186,6351190.922503236,9.854166666666666,103.48188618415386,3.4818861841538595
seed1002,L09,176,8,10,6231186.077215911,6738323.384261199,9.895833333333334,108.13869624114767,8.13869624114767
seed1002,L10,177,9,10,6294121.029825143,6437800.23074178,9.875,102.28275243256053,2.282752432560531
seed1002,L11,178,10,10,6325798.143363796,6602142.594792475,9.875,104.36853097689473,4.368530976894736
seed1002,L12,179,11,10,6325798.143363795,6411691.08716394,9.916666666666666,101.35781986483796,4.234760463534704
seed1002,L13,180,12,10,6294121.029825143,6724364.854415877,10.541666666666666,106.83564587576238,6.835645875762375
seed1002,L14,181,13,10,6231186.07721591,6815500.4193838835,10.645833333333334,109.37725715340932,9.377257153409314
seed1002,L15,182,14,10,6137490.4891091855,6585350.066093836,10.645833333333334,107.29711235853425,7.297112358534252
seed1002,L16,183,15,10,6014309.6707453225,6000624.106038011,11.6875,99.77244994926217,5.159846940362433
seed1002,L17,184,16,10,5862718.16700525,6134724.95969417,11.6875,104.63960205728027,4.639602057280268
seed1002,L18,185,17,10,5684975.115295151,6123264.9930236135,11.75,107.70961822769047,7.7096182276904734
seed1002,L19,186,18,10,5483064.860220666,5679902.072937672,11.729166666666666,103.58991217019972,3.589912170199727
seed1002,L20,187,19,10,5260960.897591241,5268752.665535062,10.770833333333334,100.14810541449543,4.526979891060656
seed1002,L21,188,20,10,5023043.443419824,5246643.940430149,10.770833333333334,104.45149438839198,4.4514943883919855
seed1002,L22,189,21,10,4778938.89610593,4586265.088534102,10.791666666666666,95.96827220936375,7.616683358628606
seed1002,M01,190,0,11,4778938.89610593,4622128.664980415,11.333333333333334,96.71872282666577,7.741864994603209
seed1002,M02,191,1,11,5023043.443419824,5278503.4603599515,11.3125,105.08576164665226,5.085761646652265
seed1002,M03,192,2,11,5260960.897591241,5374654.007325764,11.291666666666666,102.16107117972646,3.041908798918147
seed1002,M04,193,3,11,5483064.860220666,5882795.580335208,11.291666666666666,107.29027889154781,7.290278891547808
seed1002,M05,194,4,11,5684975.115295151,5661993.431795366,11.3125,99.5957469815839,5.342520621202185
seed1002,M06,195,5,11,5862718.16700525,6020541.316474036,11.354166666666666,102.69197912935672,3.492982019351787
seed1002,M07,196,6,11,6014309.6707453225,6483994.104271797,11.4375,107.80944878530457,7.809448785304562
seed1002,M08,197,7,11,6137490.4891091855,6610765.8747081775,9.416666666666666,107.7112198615836,7.711219861583607
seed1002,M09,198,8,11,6231186.07721591,6359114.442911738,9.854166666666666,102.05303395068866,2.0919987454151467
seed1002,M10,199,9,11,6294121.029825143,6421038.435745102,9.854166666666666,102.01644368321729,2.016443683217295
seed1002,M11,200,10,11,6325798.143363795,6311904.930150144,9.854166666666666,99.78037216966484,4.145499540756504
seed1002,M12,201,11,11,6325798.143363796,6548035.589634649,9.854166666666666,103.51319218909943,3.5131921890994233
seed1002,M13,202,12,11,6294121.029825143,6413823.996137746,10.583333333333334,101.9018218071337,3.7839392004913597
seed1002,M14,203,13,11,6231186.077215911,6624708.558900501,10.604166666666666,106.31537040955155,6.315370409551546
seed1002,M15,204,14,11,6137490.489109186,6142947.930411247,10.6875,100.08891975167612,5.001629540185226
seed1002,M16,205,15,11,6014309.670745322,6005089.267136851,10.708333333333334,99.84669223712707,4.883904054504606
seed1002,M17,206,16,11,5862718.16700525,6068960.36272008,10.708333333333334,103.51785963165581,3.5178596316558064
seed1002,M18,207,17,11,5684975.115295151,6129753.277547118,10.6875,107.82374862214105,7.823748622141058
seed1002,M19,208,18,11,5483064.860220667,5775964.38764009,10.729166666666666,105.34189426691616,5.341894266916158
seed1002,M20,209,19,11,5260960.897591241,5264370.896011323,10.770833333333334,100.0648170265178,4.6268368792419245
seed1002,M21,210,20,11,5023043.443419824,5070470.522373896,10.791666666666666,100.94419010084815,3.0808402597411244
seed1002,M22,211,21,11,4778938.89610593,4654172.806546482,10.791666666666666,97.38925120676657,6.355175305289018
seed1002,N01,212,0,12,4724551.158262205,4818714.293192053,11.3125,101.99305990718668,3.0236165197516263
seed1002,N02,213,1,12,4980411.436454463,4973724.0227606185,11.3125,99.86572567790493,5.333991120283043
seed1002,N03,214,2,12,5223557.861038766,5588494.221452928,11.3125,106.98635623692681,6.986356236926805
seed1002,N04,215,3,12,5449310.707698692,5850964.202700881,11.229166666666666,107.37072111587875,7.370721115878753
seed1002,N05,216,4,12,5652159.19660174,5918324.513812648,11.25,104.7090909500733,4.7090909500733025
seed1002,N06,217,5,12,5831165.6294557275,5780081.9827261595,11.333333333333334,99.12395479779339,5.861557610563228
seed1002,N07,218,6,12,5982803.020561031,6110129.37299419,11.375,102.12820565871176,3.2827872419044057
seed1002,N08,219,7,12,6106600.609385955,6115451.244180413,9.4375,100.14493554369437,4.244070314743286
seed1002,N09,220,8,12,6200209.890353878,6287639.647514028,9.4375,101.41010963671037,2.1565447825564688
seed1002,N10,221,9,12,6263425.78799705,6346582.866648908,9.854166666666666,101.32766127462094,2.0099688636196933
seed1002,N11,222,10,12,6295063.374039248,6391006.581360956,9.854166666666666,101.52410232623514,2.1005932751815948
seed1002,N12,223,11,12,6295063.374039246,6339792.451148514,9.854166666666666,100.71054212565565,3.5830272313071676
seed1002,N13,224,12,12,6263425.787997051,6436592.894102973,10.645833333333334,102.76473469898488,2.764734698984883
seed1002,N14,225,13,12,6200209.890353879,6202650.567247717,10.6875,100.03936442373724,4.829170108139702
seed1002,N15,226,14,12,6106600.609385955,6271466.740464556,10.708333333333334,102.69980209324969,2.6998020932496924
seed1002,N16,227,15,12,5982803.020561033,6297114.456004531,10.708333333333334,105.25358154636393,5.253581546363928
seed1002,N17,228,16,12,5831165.6294557275,5864240.572897301,10.729166666666666,100.56720980921033,3.53023691470179
seed1002,N18,229,17,12,5652159.196601739,5894446.330182225,10.729166666666666,104.28662967819726,4.286629678197262
seed1002,N19,230,18,12,5449310.707698692,5524028.256329341,10.770833333333334,101.37113761058055,3.4600919284930476
seed1002,N20,231,19,12,5223557.861038766,5358497.389748886,10.791666666666666,102.58328771882861,2.5832877188286085
seed1002,N21,232,20,12,4980411.436454464,4987784.593557233,10.791666666666666,100.14804313251715,3.750136077084665
seed1002,N22,233,21,12,4724551.158262206,4883249.33802354,10.791666666666666,103.35901071753251,3.359010717532507
seed1002,O01,234,0,13,4606486.835566402,4643662.28552611,11.333333333333334,100.80702390534752,4.203260204622373
seed1002,O02,235,1,13,4897950.823594849,5023105.935196043,11.3125,102.55525455662573,2.587960347916296
seed1002,O03,236,2,13,5153665.749412326,5147753.6383529855,11.3125,99.88528338183332,5.422125129357347
seed1002,O04,237,3,13,5382481.659498054,5503603.414046971,11.291666666666666,102.25029572251646,3.4398580266613576
seed1002,O05,238,4,13,5588546.921177311,5564465.723507041,11.3125,99.56909733406701,4.743109125832046
seed1002,O06,239,5,13,5767794.937449865,5961053.8677084185,11.3125,103.35065536057355,3.350655360573551
seed1002,O07,240,6,13,5921021.376589868,5904539.389943068,11.375,99.72163608947663,4.0985646156788675
seed1002,O08,241,7,13,6044592.137655852,6110599.044927643,9.458333333333334,101.0919993569225,2.8209216773588897
seed1002,O09,242,8,13,6139052.374226682,6195623.318585054,9.416666666666666,100.92149310528562,2.54254236618624
seed1002,O10,243,9,13,6202091.960793214,6586743.660732815,9.4375,106.201967051943,6.201967051943003
seed1002,O11,244,10,13,6234006.704951215,6185124.986308792,9.291666666666666,99.21588601110102,4.141391848369247
seed1002,O12,245,11,13,6234006.704951216,6416871.7540152725,9.208333333333334,102.93334700648975,2.9333470064897504
seed1002,O13,246,12,13,6202091.960793213,6603184.988972007,9.104166666666666,106.46706031955542,6.467060319555418
seed1002,O14,247,13,13,6139052.374226681,6447547.255140376,5.541666666666667,105.02512215417539,5.025122154175388
seed1002,O15,248,14,13,6044592.137655852,6052860.94837829,10.770833333333334,100.13679683482573,3.2967948544163184
seed1002,O16,249,15,13,5921021.376589866,5896434.102136755,10.770833333333334,99.58474606171289,3.327523162330892
seed1002,O17,250,16,13,5767794.937449864,5837043.648388049,10.770833333333334,101.20060979436974,1.7589010452337628
seed1002,O18,251,17,13,5588546.921177312,5628615.923674633,10.791666666666666,100.71698427270034,2.898518510541259
seed1002,O19,252,18,13,5382481.659498054,5702317.381508303,10.833333333333334,105.94216092582238,5.942160925822382
seed1002,O20,253,19,13,5153665.749412325,5065132.391712776,10.8125,98.28212844983895,5.342083312778434
seed1002,O21,254,20,13,4897950.82359485,5138462.568577012,10.8125,104.91045650812882,4.910456508128824
seed1002,O22,255,21,13,4606486.835566402,4495795.90636631,10.8125,97.5970640283729,6.031856644955025
seed1002,P02,256,1,14,4807472.0116356285,4745331.056161474,11.333333333333334,98.70740889757126,5.819191750817243
seed1002,P03,257,2,14,5055959.6395953465,5248985.781425175,11.3125,103.8177943573394,3.817794357339399
seed1002,P04,258,3,14,5287643.482181484,5312031.436934574,11.333333333333334,100.4612253990889,3.894233267690528
seed1002,P05,259,4,14,5493613.714834097,5581043.765262366,11.354166666666666,101.59148522205315,2.094139660510519
seed1002,P06,260,5,14,5675526.242933749,5578542.872891986,7.5625,98.29120039463281,4.775160372075494
seed1002,P07,261,6,14,5828208.785565563,5891955.04361449,7.520833333333333,101.0937538512142,2.7166464160305437
seed1002,P08,262,7,14,5953475.132211618,6037320.183641204,7.5,101.4083379802149,3.138679683748824
seed1002,P09,263,8,14,6047455.501500435,5998914.1371655185,7.5,99.19732581210606,4.517957814108575
seed1002,P10,264,9,14,6111329.24444511,6481657.137017988,7.479166666666667,106.05969467132681,6.05969467132681
seed1002,P11,265,10,14,6143075.9296207195,6269648.242072259,9.25,102.06040612067373,2.06040612067373
seed1002,P12,266,11,14,6143075.92962072,6564154.018299767,9.041666666666666,106.85451544964127,6.854515449641263
seed1002,P13,267,12,14,6111329.244445109,6195491.006838513,9,101.37714331902347,3.322820720550679
seed1002,P14,268,13,14,6047455.501500435,6248823.8756810445,9,103.32980332192024,3.3298033219202328
seed1002,P15,269,14,14,5953475.132211619,5973292.552858562,13.145833333333334,100.33287147769745,2.685628315228805
seed1002,P16,270,15,14,5828208.785565562,6135561.820822644,17.875,105.27354195028649,5.273541950286487
seed1002,P17,271,16,14,5675526.242933749,5705191.054054587,5.708333333333333,100.52267948118066,2.2556307955205135
seed1002,P18,272,17,14,5493613.714834098,5788220.418310736,10.833333333333334,105.36271239241172,5.362712392411728
seed1002,P19,273,18,14,5287643.482181485,5325670.157254805,5.791666666666667,100.71916110080916,2.408398803280476
seed1002,P20,274,19,14,5055959.639595347,5153833.637814696,5.8125,101.93581446839204,1.9358144683920386
seed1002,P21,275,20,14,4807472.0116356285,4864891.328972687,5.8125,101.19437652883023,2.3043824856987527
seed1002,Q02,276,1,15,4658494.145209977,4993010.778954849,4.729166666666667,107.18078896994714,7.180788969947138
seed1002,Q03,277,2,15,4928045.372922852,5057914.435740428,7.666666666666667,102.63530574477137,2.635305744771377
seed1002,Q04,278,3,15,5162124.327846741,5453696.02826669,7.625,105.64828899697523,5.648288996975226
seed1002,Q05,279,4,15,5371899.296747003,5373327.004961976,7.625,100.02657734510842,3.707267853188201
seed1002,Q06,280,5,15,5552571.304517053,5653642.156645083,7.583333333333333,101.82025311490928,1.820253114909276
seed1002,Q07,281,6,15,5708036.136999339,5718433.094915621,7.520833333333333,100.18214597221782,4.257514894045055
seed1002,Q08,282,7,15,5832223.427286436,6168325.82948064,7.479166666666667,105.76285196177031,6.106783541827465
seed1002,Q09,283,8,15,5927869.242600706,6191144.117064377,7.479166666666667,104.44130704792951,4.44130704792951
seed1002,Q10,284,9,15,5991185.0616680235,6019917.8962964155,7.520833333333333,100.47958516274562,2.571426749750083
seed1002,Q11,285,10,15,6023513.350534234,6437676.381715038,9.291666666666666,106.87577178100005,6.875771781000051
seed1002,Q12,286,11,15,6023513.350534234,6142557.353492176,9.041666666666666,101.97632172505078,1.976321725050778
seed1002,Q13,287,12,15,5991185.061668024,6280614.886017242,8.958333333333334,104.8309277942524,4.830927794252404
seed1002,Q14,288,13,15,5927869.242600707,5981492.477580307,13.125,100.90459544205589,2.880859870131569
seed1002,Q15,289,14,15,5832223.427286435,5993243.812208401,13.104166666666666,102.76087476636478,2.7608747663647737
seed1002,Q16,290,15,15,5708036.136999339,5725575.7975204745,13.145833333333334,100.30728012402452,3.454208479445031
seed1002,Q17,291,16,15,5552571.304517053,5670823.435698405,5.729166666666667,102.1296823524833,2.1296823524832975
seed1002,Q18,292,17,15,5371899.296747004,5255774.26832499,5.770833333333333,97.83828731688374,5.871062525649662
seed1002,Q19,293,18,15,5162124.327846742,5347416.049617736,5.770833333333333,103.58944709586805,3.589447095868059
seed1002,Q20,294,19,15,4928045.372922851,5004690.269125561,5.8125,101.55527984023516,2.315646762630763
seed1002,Q21,295,20,15,4658494.145209977,5017028.857051034,5.895833333333333,107.69636497686092,7.6963649768609255
seed1002,R03,296,2,16,4783611.680034373,5180833.03385282,7.729166666666667,108.30379596814583,8.303795968145833
seed1002,R04,297,3,16,5014615.843792795,5130602.684530769,7.666666666666667,102.31297559675572,2.3129755967557175
seed1002,R05,298,4,16,5220235.455154861,5544841.232635334,7.666666666666667,106.21822100303795,6.218221003037949
seed1002,R06,299,5,16,5404778.628483014,5456478.37982959,7.604166666666667,100.9565563161851,2.850165360515111
seed1002,R07,300,6,16,5558070.463898023,5765782.243208897,7.541666666666667,103.7371202948946,3.7371202948945914
seed1002,R08,301,7,16,5685102.954659442,5814668.170944012,7.541666666666667,102.27903025359248,2.332232499582665
seed1002,R09,302,8,16,5779372.729633639,5871222.93956202,7.541666666666667,101.58927645309015,2.0144547825803216
seed1002,R10,303,9,16,5844171.611915346,6127137.904551644,7.541666666666667,104.84185461048703,4.841854610487029
seed1002,R11,304,10,16,5876133.644191159,5860402.215193725,9.104166666666666,99.73228265471829,3.2873292565983703
seed1002,R12,305,11,16,5876133.644191159,6204732.455361072,8.979166666666666,105.59209219985574,5.592092199855747
seed1002,R13,306,12,16,5844171.611915347,6234995.787008713,8.9375,106.68741784201778,6.687417842017784
seed1002,R14,307,13,16,5779372.729633639,5991839.191596601,13.104166666666666,103.67628931204843,3.6762893120484197
seed1002,R15,308,14,16,5685102.954659443,6053167.268005048,13.0625,106.47418905657537,6.474189056575375
seed1002,R16,309,15,16,5558070.463898022,5610438.425047492,13.104166666666666,100.94219678375116,3.9303996241884853
seed1002,R17,310,16,16,5404778.628483014,5236237.519839577,5.791666666666667,96.88162790321827,7.185529069626185
seed1002,R18,311,17,16,5220235.455154861,5373487.815712608,5.791666666666667,102.93573655583702,2.935736555837032
seed1002,R19,312,18,16,5014615.843792796,4881561.920953777,5.8125,97.34667765221306,7.084753754442841
seed1002,R20,313,19,16,4783611.680034373,4836070.286407347,5.8125,101.0966317895728,3.499031651004192
seed1002,S03,314,2,17,4605930.485113044,4749940.703097606,7.6875,103.12662595430002,3.126625954300022
seed1002,S04,315,3,17,4833706.8932106765,5031135.502126183,7.666666666666667,104.0844141624063,4.084414162406302
seed1002,S05,316,4,17,5046202.20778458,5135122.4818935655,7.666666666666667,101.76212269044255,2.4222913368403987
seed1002,S06,317,5,17,5226981.293094191,5294585.214994414,7.625,101.29336452742888,2.7423149451346496
seed1002,S07,318,6,17,5385198.132940032,5385288.413965691,7.604166666666667,100.00167646618436,3.9483506099858734
seed1002,S08,319,7,17,5509539.617519944,5377457.168409469,7.604166666666667,97.6026590553871,6.225018825475182
seed1002,S09,320,8,17,5606327.068053453,5869594.705553147,7.604166666666667,104.69590222446837,4.695902224468362
seed1002,S10,321,9,17,5669996.50792712,5708134.544710236,7.604166666666667,100.67262892895606,2.7088423523005223
seed1002,S11,322,10,17,5703093.806537875,5876991.565123737,9.104166666666666,103.0491828555671,3.049182855567101
seed1002,S12,323,11,17,5703093.806537876,5742011.468795934,9.0625,100.68239561855783,3.252049833492654
seed1002,S13,324,12,17,5669996.507927121,5774991.938096388,9.041666666666666,101.85177239567037,2.9786342109890507
seed1002,S14,325,13,17,5606327.068053454,5700930.741008238,13.125,101.6874447709957,3.0493383348144
seed1002,S15,326,14,17,5509539.617519945,5879528.820049087,13.145833333333334,106.71542866036579,6.715428660365785
seed1002,S16,327,15,17,5385198.1329400325,5322414.207013046,13.125,98.83413897915935,5.513955453372132
seed1002,S17,328,16,17,5226981.293094191,5300837.252230932,5.8125,101.41297538665997,3.4939988258663845
seed1002,S18,329,17,17,5046202.20778458,4862439.638003513,5.833333333333333,96.3583986092039,8.36194871352297
seed1002,S19,330,18,17,4833706.893210676,4760923.563058745,5.833333333333333,98.49425437330177,6.401343906945756
seed1002,S20,331,19,17,4605930.485113044,4557237.997620371,5.833333333333333,98.94283060393435,5.868814272204615
seed1002,T04,332,3,18,4634829.928441549,4503412.78580758,7.6875,97.16457465186522,6.994701349810062
seed1002,T05,333,4,18,4840705.940506407,5051568.320809327,7.708333333333333,104.35602539989985,4.356025399899854
seed1002,T06,334,5,18,5030143.834856761,4963051.185611557,7.666666666666667,98.66618825528845,5.469863703612443
seed1002,T07,335,6,18,5184383.497814639,5180094.611836394,7.645833333333333,99.91727297990104,4.377603953323939
seed1002,T08,336,7,18,5312956.894543577,5255359.399178855,7.645833333333333,98.91590508810876,5.275111599569426
seed1002,T09,337,8,18,5406235.561291306,5251355.417159611,7.645833333333333,97.13515731277715,6.780307578624711
seed1002,T10,338,9,18,5472666.261587133,5409239.0478072725,7.666666666666667,98.84101805686456,4.799395972471155
seed1002,T11,339,10,18,5505602.011222798,5322691.532205812,9.1875,96.67773880777914,6.723441669563512
seed1002,T12,340,11,18,5505602.011222798,5591959.307724301,9.104166666666666,101.56853503623162,2.219707727635478
seed1002,T13,341,12,18,5472666.261587133,5437346.590713491,9.104166666666666,99.354616759265,4.399211141994453
seed1002,T14,342,13,18,5406235.561291306,5664746.434436205,13.125,104.78171678266924,4.781716782669232
seed1002,T15,343,14,18,5312956.894543577,5375938.244552238,13.145833333333334,101.18542934299623,2.8989552227515314
seed1002,T16,344,15,18,5184383.497814638,5412143.844117369,5.895833333333333,104.39320020208262,4.3932002020826255
seed1002,T17,345,16,18,5030143.834856762,4905361.928126895,5.854166666666667,97.51931732319102,7.202084818005039
seed1002,T18,346,17,18,4840705.940506408,4910997.085033491,5.833333333333333,101.45208458003813,3.988676099796351
seed1002,T19,347,18,18,4634829.928441549,4346367.776762043,5.854166666666667,93.7762084880534,11.093726879788823
seed1002,U05,348,4,19,4621144.824327538,4476631.454356204,7.6875,96.87277989621623,7.310843038921611
seed1002,U06,349,5,19,4804428.858754163,4920231.3573535085,7.666666666666667,102.41032809526031,2.4103280952603168
seed1002,U07,350,6,19,4968052.809953903,4818526.314437223,7.666666666666667,96.99023941096013,7.414449133164924
seed1002,U08,351,7,19,5090752.3661602335,4891128.032159822,7.666666666666667,96.07868700651451,8.217379304217964
seed1002,U09,352,8,19,5184845.259658251,5150675.348842502,12.291666666666666,99.34096565848137,5.04220475628796
seed1002,U10,353,9,19,5250976.539444979,5161621.340699192,12.270833333333334,98.29831274098147,6.398447411009068
seed1002,U11,354,10,19,5287373.958214552,5460323.410375966,17.875,103.2709895976379,3.2709895976378967
seed1002,U12,355,11,19,5287373.958214552,5171893.664067462,13.166666666666666,97.81592346106562,6.1987478076088625
seed1002,U13,356,12,19,5250976.539444979,5397501.515483523,5.895833333333333,102.790432883062,2.7904328830619995
seed1002,U14,357,13,19,5184845.259658251,5086293.903624853,5.895833333333333,98.09924209695906,5.838764206999891
seed1002,U15,358,14,19,5090752.3661602335,5167264.902260389,5.895833333333333,101.50297108554636,2.864174674720321
seed1002,U16,359,15,19,4968052.809953903,4857487.821562168,5.895833333333333,97.7744804127241,6.604023031320894
seed1002,U17,360,16,19,4804428.858754164,4834797.572416372,5.875,100.6320983108507,4.386834417652363
seed1002,U18,361,17,19,4621144.824327538,4573000.195958009,5.875,98.9581666405243,6.181696052538821
seed1002,V06,362,5,20,4567696.552863375,4369273.724844078,7.6875,95.6559542490862,8.837490511064805
seed1002,V07,363,6,20,4730657.414704839,4700817.292852447,7.666666666666667,99.36921828751252,5.336270416237543
seed1002,V08,364,7,20,4856359.244297651,4885010.176157823,7.666666666666667,100.5899673071718,4.202581106330361
seed1002,V09,365,8,20,4932427.525751918,4737695.020466972,12.25,96.05199459559702,9.818669464233531
seed1002,V10,366,9,20,5010924.366932793,5213706.4669007445,12.229166666666666,104.04680025318514,4.046800253185134
seed1002,V11,367,10,20,5051386.3627222525,4933930.017418208,12.25,97.67477011517396,8.117741444716719
seed1002,V12,368,11,20,5051386.362722253,5000155.63333613,13.166666666666666,98.98580853438193,5.890176073451592
seed1002,V13,369,12,20,5010924.366932793,4838969.756343456,13.166666666666666,96.56840538795458,7.73302331131307
seed1002,V14,370,13,20,4932427.525751918,5099454.368072863,17.875,103.3863009937583,3.3863009937582955
seed1002,V15,371,14,20,4856359.244297652,4840843.900423641,5.916666666666667,99.68051490646562,4.778983774278911
seed1002,V16,372,15,20,4730657.41470484,4773795.893557714,5.895833333333333,100.91189183809384,3.854604708076048
seed1002,V17,373,16,20,4567696.552863376,4522184.823054978,5.895833333333333,99.00361748461884,5.793851093192314
seed1002,W09,374,8,21,4637876.917895917,4658645.082674466,12.208333333333334,100.44779465143657,8.290010579371533
seed1002,W10,375,9,21,4753795.2844480425,4970318.2211635,12.166666666666666,104.55473834609177,11.422404771548889
seed1002,W11,376,10,21,4807430.466142967,4803893.13011143,12.229166666666666,99.92641940312086,7.671622290118618
seed1002,W12,377,11,21,4807430.466142967,4624140.036083796,17.875,96.18735140632775,9.294994336257112
seed1002,W13,378,12,21,4753795.284448043,4710071.049693307,13.166666666666666,99.08022470177083,5.700683920317684
seed1002,W14,379,13,21,4637876.917895916,4516064.7641104255,17.875,97.37353629813977,7.025549255896413
seed1013,A09,0,8,0,4637876.917895916,5025916.113597525,4.604166666666667,108.36674199361143,8.366741993611427
seed1013,A10,1,9,0,4753795.284448043,4896604.700723866,4.604166666666667,103.00411371821208,3.004113718212076
seed1013,A11,2,10,0,4807430.466142967,5211879.208597583,4.604166666666667,108.41299204019703,8.412992040197032
seed1013,A12,3,11,0,4807430.466142967,5041498.041799946,10.458333333333334,104.86887074717843,4.868870747178433
seed1013,A13,4,12,0,4753795.2844480425,5137066.319106521,6.833333333333333,108.06242195393527,8.062421953935273
seed1013,A14,5,13,0,4637876.917895917,4799737.257246287,6.833333333333333,103.4899662542964,3.489966254296406
seed1013,B06,6,5,1,4567696.552863376,4749269.362354254,4.604166666666667,103.97515043719477,3.9751504371947632
seed1013,B07,7,6,1,4730657.41470484,5045532.402384384,4.604166666666667,106.6560513703821,6.656051370382099
seed1013,B08,8,7,1,4856359.244297651,5078034.902194165,4.604166666666667,104.56464702764332,4.56464702764332
seed1013,B09,9,8,1,4932427.525751918,4928939.285012476,4.604166666666667,99.92927943246546,5.242917703637328
seed1013,B10,10,9,1,5010924.366932793,5153980.00221641,4.604166666666667,102.8548751649026,2.8548751649025927
seed1013,B11,11,10,1,5051386.362722253,5125942.60521583,10.4375,101.4759560473097,3.1791347755853017
seed1013,B12,12,11,1,5051386.3627222525,5484361.102074083,10.458333333333334,108.57140413069682,8.571404130696813
seed1013,B13,13,12,1,5010924.366932793,5133872.842411894,6.833333333333333,102.45360868526457,2.4536086852645633
seed1013,B14,14,13,1,4932427.525751918,5370818.479717017,6.854166666666667,108.88793503150904,8.887935031509041
seed1013,B15,15,14,1,4856359.244297651,5104403.091551371,6.791666666666667,105.10760911159886,5.107609111598865
seed1013,B16,16,15,1,4730657.41470484,5229493.287431616,6.770833333333333,110.54474735744316,10.544747357443152
seed1013,B17,17,16,1,4567696.552863376,4835200.699588769,6.791666666666667,105.85643427993703,5.856434279937028
seed1013,C05,18,4,2,4621144.824327538,4728363.747504758,4.604166666666667,102.32018097794247,5.389532081058601
seed1013,C06,19,5,2,4804428.858754164,5233481.456841594,4.604166666666667,108.930355942427,8.930355942426992
seed1013,C07,20,6,2,4968052.809953903,5149550.263329848,4.604166666666667,103.65329154739055,3.653291547390558
seed1013,C08,21,7,2,5090752.3661602335,5253124.530360889,4.604166666666667,103.18955141640735,3.1895514164073546
seed1013,C09,22,8,2,5184845.259658251,5319303.366657402,4.604166666666667,102.59329064350926,2.5932906435092606
seed1013,C10,23,9,2,5250976.539444979,5236977.93378829,10.416666666666666,99.73340948009323,4.918426496204775
seed1013,C11,24,10,2,5287373.958214552,5481496.771100203,10.395833333333334,103.67144095386062,3.6714409538606274
seed1013,C12,25,11,2,5287373.958214552,5418815.482980298,10.416666666666666,102.48595098066662,2.485950980666618
seed1013,C13,26,12,2,5250976.539444979,5427848.468594057,10.4375,103.3683625859005,3.3683625859004973
seed1013,C14,27,13,2,5184845.259658251,5299792.25618261,6.770833333333333,102.21698027169157,2.216980271691571
seed1013,C15,28,14,2,5090752.3661602335,5382891.048250137,6.770833333333333,105.73861506271327,5.73861506271327
seed1013,C16,29,15,2,4968052.809953903,5101545.731317386,6.770833333333333,102.68702701984205,2.6870270198420476
seed1013,C17,30,16,2,4804428.858754163,5255947.8017980335,6.8125,109.39797333498147,9.397973334981469
seed1013,C18,31,17,2,4621144.824327538,4724993.482889927,6.791666666666667,102.24724959961628,2.4436399987699975
seed1013,D04,32,3,3,4634829.928441549,4752600.614632405,4.604166666666667,102.5409926148133,5.501763790306679
seed1013,D05,33,4,3,4840705.940506408,5046824.000994608,4.604166666666667,104.25801655835836,4.258016558358357
seed1013,D06,34,5,3,5030143.83485676,5231384.252785408,4.604166666666667,104.00068913604692,4.00068913604692
seed1013,D07,35,6,3,5184383.497814638,5684837.027735206,4.604166666666667,109.65309626750266,9.653096267502658
seed1013,D08,36,7,3,5312956.894543577,5769927.780388726,4.604166666666667,108.60106518677874,8.601065186778744
seed1013,D09,37,8,3,5406235.561291306,5593140.686333127,4.604166666666667,103.45721385838351,3.457213858383512
seed1013,D10,38,9,3,5472666.261587133,5682347.270370329,10.395833333333334,103.83142327269171,3.831423272691703
seed1013,D11,39,10,3,5505602.011222798,5876160.973893424,10.354166666666666,106.73058026924696,6.730580269246955
seed1013,D12,40,11,3,5505602.011222798,5659719.41454151,10.395833333333334,102.799283402697,2.799283402696995
seed1013,D13,41,12,3,5472666.261587133,5543419.305194405,10.416666666666666,101.29284411336921,2.7355346623307297
seed1013,D14,42,13,3,5406235.561291306,5764616.995330901,6.708333333333333,106.62903844970441,6.629038449704416
seed1013,D15,43,14,3,5312956.894543577,5460128.926127701,6.729166666666667,102.7700588298631,2.770058829863098
seed1013,D16,44,15,3,5184383.497814639,5641533.086899477,6.75,108.81781969403961,8.817819694039608
seed1013,D17,45,16,3,5030143.834856761,5193390.8372376105,6.770833333333333,103.24537444137516,3.2453744413751595
seed1013,D18,46,17,3,4840705.940506407,5116955.2547763875,6.75,105.70679809236833,5.706798092368337
seed1013,D19,47,18,3,4634829.928441549,4683598.242137975,5.645833333333333,101.05221366154473,3.2229085467484597
seed1013,E03,48,2,4,4605930.485113044,4697311.00492719,1.0833333333333333,101.98397522736175,6.515351994960151
seed1013,E04,49,3,4,4833706.893210676,5235194.810401521,1.0833333333333333,108.3060046060047,8.306004606004702
seed1013,E05,50,4,4,5046202.20778458,5171261.692847816,4.604166666666667,102.47828921461593,5.1315768478515045
seed1013,E06,51,5,4,5226981.293094191,5525943.31800402,4.604166666666667,105.7195924023071,5.719592402307105
seed1013,E07,52,6,4,5385198.1329400325,5508951.635705948,4.604166666666667,102.298030633431,4.29061804068075
seed1013,E08,53,7,4,5509539.617519945,5789702.250275739,4.604166666666667,105.08504616002571,5.085046160025719
seed1013,E09,54,8,4,5606327.068053454,6039921.704287146,4.604166666666667,107.73402320218605,7.734023202186058
seed1013,E10,55,9,4,5669996.507927121,5792476.909800534,10.395833333333334,102.16014951159451,2.1601495115945113
seed1013,E11,56,10,4,5703093.806537876,5832613.153832862,10.375,102.27103659326993,2.6192775442584693
seed1013,E12,57,11,4,5703093.806537875,5642889.920847504,10.395833333333334,98.94436444967197,5.880339828182546
seed1013,E13,58,12,4,5669996.50792712,5862737.905935259,10.416666666666666,103.39932128245002,3.3993212824500185
seed1013,E14,59,13,4,5606327.068053453,5642860.554015441,6.666666666666667,100.65164742474919,3.233627991287158
seed1013,E15,60,14,4,5509539.617519944,5769122.973315458,6.666666666666667,104.711525350867,4.711525350867007
seed1013,E16,61,15,4,5385198.132940032,5551512.62869406,6.708333333333333,103.08836354110578,3.0883635411057764
seed1013,E17,62,16,4,5226981.293094191,5654037.325242939,6.770833333333333,108.17022308292874,8.17022308292874
seed1013,E18,63,17,4,5046202.20778458,5212336.388177936,5.645833333333333,103.2922616564407,3.292261656440698
seed1013,E19,64,18,4,4833706.893210676,5036284.9656563755,5.625,104.19094655346679,4.19094655346679
seed1013,E20,65,19,4,4605930.485113044,4530028.362992355,5.625,98.35207842658471,5.6570335624064105
seed1013,F03,66,2,5,4783611.680034372,5180515.30514215,0.8541666666666666,108.29715394258186,8.297153942581858
seed1013,F04,67,3,5,5014615.843792796,5120060.362729971,1.0833333333333333,102.1027437040406,6.068955039135093
seed1013,F05,68,4,5,5220235.455154861,5666222.439225312,0.875,108.54342659256969,8.54342659256968
seed1013,F06,69,5,5,5404778.628483014,5678634.943782617,1.0625,105.06692936240513,5.066929362405137
seed1013,F07,70,6,5,5558070.463898022,5930393.633017751,0.8541666666666666,106.69878461487892,6.6987846148789165
seed1013,F08,71,7,5,5685102.954659442,6188011.561828123,1.4791666666666667,108.84607739172961,8.846077391729601
seed1013,F09,72,8,5,5779372.729633639,5871991.154046637,4.604166666666667,101.60256880367136,2.601292973382874
seed1013,F10,73,9,5,5844171.611915346,6236562.649875355,10.395833333333334,106.71422853428851,6.714228534288513
seed1013,F11,74,10,5,5876133.644191159,5846087.789811227,10.395833333333334,99.48867986674139,4.271004785143873
seed1013,F12,75,11,5,5876133.644191159,6073794.2776397085,10.395833333333334,103.36378723523327,3.363787235233273
seed1013,F13,76,12,5,5844171.611915346,6202914.496904796,10.458333333333334,106.13847280353694,6.470757524011894
seed1013,F14,77,13,5,5779372.729633639,5995671.187927679,6.625,103.74259402209817,3.742594022098178
seed1013,F15,78,14,5,5685102.954659442,5692419.756086953,6.645833333333333,100.12870130032584,3.1539518539494216
seed1013,F16,79,15,5,5558070.463898023,5720677.735293045,6.6875,102.92560651131042,2.925606511310419
seed1013,F17,80,16,5,5404778.628483014,5444376.722920695,6.708333333333333,100.73264970056313,2.122934235846763
seed1013,F18,81,17,5,5220235.455154861,5591961.681508567,5.645833333333333,107.12087087923659,7.120870879236585
seed1013,F19,82,18,5,5014615.843792795,5145070.559485592,5.625,102.60148972037962,2.601489720379613
seed1013,F20,83,19,5,4783611.680034373,4991173.15072456,5.604166666666667,104.3390117044094,4.339011704409401
seed1013,G02,84,1,6,4658494.145209977,5105549.539379818,0.8541666666666666,109.59656447415564,9.596564474155645
seed1013,G03,85,2,6,4928045.372922851,5124844.625863936,1.0625,103.99345456562553,4.67001526532137
seed1013,G04,86,3,6,5162124.327846742,5446463.463516382,1.1041666666666667,105.50818069483121,5.508180694831211
seed1013,G05,87,4,6,5371899.296747004,5489110.236688326,4.604166666666667,102.18192734946278,5.187291622904988
seed1013,G06,88,5,6,5552571.304517052,6051579.916923025,0.8541666666666666,108.98698251745142,8.986982517451425
seed1013,G07,89,6,6,5708036.136999339,5887904.669079526,1.0625,103.1511456438456,3.1511456438455987
seed1013,G08,90,7,6,5832223.427286435,5907092.9305366725,1.0833333333333333,101.28372145175295,3.6113852474597086
seed1013,G09,91,8,6,5927869.242600707,6321483.124997698,0.7083333333333334,106.6400567605014,6.640056760501389
seed1013,G10,92,9,6,5991185.061668024,6008522.507588942,0.8541666666666666,100.28938258028188,2.307178861235637
seed1013,G11,93,10,6,6023513.350534234,6225910.654276689,10.375,103.36012044738811,3.360120447388115
seed1013,G12,94,11,6,6023513.350534234,6113647.497634079,10.375,101.49637166641045,2.981931455961928
seed1013,G13,95,12,6,5991185.0616680235,6134313.262817929,10.395833333333334,102.38897980410668,3.300274034288475
seed1013,G14,96,13,6,5927869.242600706,5844701.815538286,9.375,98.59700975749033,5.686373350146933
seed1013,G15,97,14,6,5832223.427286436,5994306.827950656,11.604166666666666,102.77910136134194,2.77910136134194
seed1013,G16,98,15,6,5708036.136999341,5719927.015721263,11.625,100.20831821026582,3.4197603086227435
seed1013,G17,99,16,6,5552571.304517053,5747346.498396171,11.583333333333334,103.50783777815995,3.50783777815995
seed1013,G18,100,17,6,5371899.296747003,5447231.963543932,11.604166666666666,101.40234696585895,2.3105349457362534
seed1013,G19,101,18,6,5162124.327846741,5394809.421352232,5.583333333333333,104.50754531909054,4.507545319090545
seed1013,G20,102,19,6,4928045.372922851,4795150.83889084,5.604166666666667,97.30330132993093,6.477490671581442
seed1013,G21,103,20,6,4658494.145209977,4626848.143075754,5.604166666666667,99.32068172358308,4.638396000455014
seed1013,H02,104,1,7,4807472.0116356285,5097690.143187384,4.604166666666667,106.03681375261955,6.036813752619552
seed1013,H03,105,2,7,5055959.639595347,5522336.971281548,1.0625,109.22430883414897,9.224308834148975
seed1013,H04,106,3,7,5287643.482181484,5553534.049538132,4.604166666666667,105.02852675776377,5.028526757763774
seed1013,H05,107,4,7,5493613.714834098,5975697.054213342,4.604166666666667,108.77534104877999,8.775341048779994
seed1013,H06,108,5,7,5675526.242933749,5958846.745547149,2.7291666666666665,104.99196885867887,4.991968858678875
seed1013,H07,109,6,7,5828208.785565562,6080176.336572026,1.2708333333333333,104.32324167299049,4.3232416729904966
seed1013,H08,110,7,7,5953475.132211619,6426348.160386192,4.604166666666667,107.94280680901926,7.942806809019265
seed1013,H09,111,8,7,6047455.501500435,6172093.30251724,1.0625,102.060995752443,2.0609957524430067
seed1013,H10,112,9,7,6111329.244445109,6511121.556452759,2.0833333333333335,106.54182250728907,6.5418225072890746
seed1013,H11,113,10,7,6143075.92962072,6228851.708335266,9.333333333333334,101.39630015479626,1.3963001547962595
seed1013,H12,114,11,7,6143075.9296207195,6334399.45320512,9.291666666666666,103.11445806264376,3.1144580626437657
seed1013,H13,115,12,7,6111329.24444511,6515963.806358772,9.25,106.62105649571171,6.621056495711719
seed1013,H14,116,13,7,6047455.501500435,6278238.036797614,9.291666666666666,103.81619236784661,3.8161923678466048
seed1013,H15,117,14,7,5953475.132211618,5884679.531376391,11.604166666666666,98.84444632240076,5.968442473174385
seed1013,H16,118,15,7,5828208.785565563,5965467.793357095,11.604166666666666,102.35508048598867,3.198365475302123
seed1013,H17,119,16,7,5675526.242933749,5626355.0571255805,11.583333333333334,99.13362772536928,6.079655462375677
seed1013,H18,120,17,7,5493613.714834097,5671309.418476101,11.5625,103.23458679233639,3.2345867923363913
seed1013,H19,121,18,7,5287643.482181484,5254817.475248849,11.583333333333334,99.37919402011022,5.112702914281564
seed1013,H20,122,19,7,5055959.6395953465,5180234.286096966,11.604166666666666,102.45798335746932,2.4579833574693177
seed1013,H21,123,20,7,4807472.0116356285,4671505.891838623,11.625,97.17177511449003,6.685196525982273
seed1013,J01,124,0,8,4606486.835566402,4701025.857261505,4.604166666666667,102.05230200518913,5.876791786379543
seed1013,J02,125,1,8,4897950.82359485,5188644.605097921,4.604166666666667,105.93500816918609,5.9350081691860845
seed1013,J03,126,2,8,5153665.749412325,5375334.898980659,4.604166666666667,104.30119375890085,4.301193758900856
seed1013,J04,127,3,8,5382481.659498054,5850970.7313878,4.604166666666667,108.70396039460792,8.703960394607924
seed1013,J05,128,4,8,5588546.921177312,6013078.036969741,11.895833333333334,107.59644898361157,7.596448983611559
seed1013,J06,129,5,8,5767794.937449864,6101635.565373801,0.8541666666666666,105.78801138986988,5.788011389869885
seed1013,J07,130,6,8,5921021.376589866,6091259.964527183,1.2916666666666667,102.87515577313053,2.8751557731305333
seed1013,J08,131,7,8,6044592.137655852,6128909.634576891,1.0833333333333333,101.39492450443046,2.006697510844213
seed1013,J09,132,8,8,6139052.374226681,6393266.687322057,0.5625,104.1409373564336,4.140937356433594
seed1013,J10,133,9,8,6202091.960793213,6391301.162578691,7.625,103.05073196240191,3.050731962401909
seed1013,J11,134,10,8,6234006.704951216,6508157.989850041,9.25,104.39767388573848,4.3976738857384845
seed1013,J12,135,11,8,6234006.704951215,6224844.5687755775,9.270833333333334,99.8530297349799,3.56424320781229
seed1013,J13,136,12,8,6202091.960793214,6589581.229207219,9.25,106.24771884814889,6.247718848148898
seed1013,J14,137,13,8,6139052.374226682,6078984.243684449,9.3125,99.02154067304566,5.843652745978267
seed1013,J15,138,14,8,6044592.137655852,6148646.599204692,12.520833333333334,101.72144719079743,4.436473679345054
seed1013,J16,139,15,8,5921021.376589868,6257374.054091012,12.604166666666666,105.68065298380769,8.575982833522255
seed1013,J17,140,16,8,5767794.937449865,5903393.495643109,12.5625,102.35096010977804,5.249495696712492
seed1013,J18,141,17,8,5588546.921177311,5930649.643739756,11.541666666666666,106.12149682891767,7.420976768867638
seed1013,J19,142,18,8,5382481.659498054,5682999.218012061,11.604166666666666,105.5832528102294,5.5832528102294
seed1013,J20,143,19,8,5153665.749412326,5063640.203230112,11.604166666666666,98.25317452548256,5.976326181757385
seed1013,J21,144,20,8,4897950.823594849,4812083.101993626,8.375,98.24686435830321,5.791215310374898
seed1013,J22,145,21,8,4606486.835566402,4232358.548709025,8.375,91.8782295442862,12.055354518158435
seed1013,K01,146,0,9,4724551.158262206,5093620.912313619,4.604166666666667,107.81174214625638,7.811742146256373
seed1013,K02,147,1,9,4980411.436454464,5044269.513348822,4.604166666666667,101.28218476945388,6.363601912067319
seed1013,K03,148,2,9,5223557.861038766,5460512.467419259,4.604166666666667,104.53626843397063,4.536268433970636
seed1013,K04,149,3,9,5449310.707698692,5542948.482648318,4.604166666666667,101.71834163938085,5.205161631698929
seed1013,K05,150,4,9,5652159.196601739,6063814.230745954,4.229166666666667,107.28314649013629,7.283146490136283
seed1013,K06,151,5,9,5831165.6294557275,5851128.448584918,2.9375,100.34234697482009,4.980974674051087
seed1013,K07,152,6,9,5982803.020561033,6147210.0733413035,1.2916666666666667,102.74799374499301,2.747993744993016
seed1013,K08,153,7,9,6106600.609385954,6237411.104085492,1.2291666666666667,102.14211642560149,2.1421164256014924
seed1013,K09,154,8,9,6200209.890353879,6273265.071458524,7.6875,101.17826948436539,1.5298592783773102
seed1013,K10,155,9,9,6263425.787997051,6756077.2054661065,7.625,107.8655265368219,7.86552653682191
seed1013,K11,156,10,9,6295063.374039246,6371146.515080024,9.25,101.20861596651342,1.6367849682714541
seed1013,K12,157,11,9,6295063.374039248,6426319.535143748,9.25,102.08506496766657,2.085064967666561
seed1013,K13,158,12,9,6263425.78799705,6299709.627200839,9.270833333333334,100.57929702421511,3.496230184517146
seed1013,K14,159,13,9,6200209.890353878,6278737.973855333,12.5,101.266539115452,3.8080696121467694
seed1013,K15,160,14,9,6106600.609385955,6055819.371137335,12.520833333333334,99.16842050926716,7.152699555531051
seed1013,K16,161,15,9,5982803.020561031,6127595.103948451,12.541666666666666,102.42013790007482,5.447516151052678
seed1013,K17,162,16,9,5831165.6294557275,5947890.576553271,12.5625,102.00174295355144,5.6786328664918395
seed1013,K18,163,17,9,5652159.19660174,5769831.7152914265,12.5625,102.08190382819427,5.135022799368338
seed1013,K19,164,18,9,5449310.707698692,5389029.749616121,12.604166666666666,98.89378746568063,6.246672235028051
seed1013,K20,165,19,9,5223557.861038766,5369322.328120931,8.354166666666666,102.79052077070662,2.790520770706628
seed1013,K21,166,20,9,4980411.436454463,4811764.801063395,8.375,96.61380113786088,7.496089860592681
seed1013,K22,167,21,9,4724551.158262205,4548353.26741803,8.375,96.27058984140653,7.959928380588577
seed1013,L01,168,0,10,4778938.89610593,4806102.159323847,4.604166666666667,100.56839528205835,6.6809175044133635
seed1013,L02,169,1,10,5023043.443419824,5322119.129467179,4.604166666666667,105.95407325093203,5.954073250932024
seed1013,L03,170,2,10,5260960.897591241,5402975.5577912815,4.604166666666667,102.69940535511417,4.4422661589253565
seed1013,L04,171,3,10,5483064.860220667,5645609.401187678,4.604166666666667,102.96448327916494,3.641382275971028
seed1013,L05,172,4,10,5684975.115295151,5768503.861347784,4.604166666666667,101.46928956343015,4.272146422189415
seed1013,L06,173,5,10,5862718.16700525,6030065.79310961,2.7708333333333335,102.8544375038557,2.8544375038557
seed1013,L07,174,6,10,6014309.670745321,5977099.832824559,4.604166666666667,99.3813115726023,4.0149648599025145
seed1013,L08,175,7,10,6137490.489109186,6237669.021923828,7.791666666666667,101.6322393165807,1.632239316580697
seed1013,L09,176,8,10,6231186.077215911,6720865.76251387,7.6875,107.858530931831,7.858530931830998
seed1013,L10,177,9,10,6294121.029825143,6835849.8158749435,7.541666666666667,108.60690132081636,8.606901320816362
seed1013,L11,178,10,10,6325798.143363796,6583050.583141437,7.520833333333333,104.06671907556071,4.06671907556071
seed1013,L12,179,11,10,6325798.143363795,6271910.598429847,10.666666666666666,99.14813050127943,4.268045147592381
seed1013,L13,180,12,10,6294121.029825143,6526244.803486325,12.416666666666666,103.6879458237496,3.6879458237496054
seed1013,L14,181,13,10,6231186.07721591,6242437.234338053,12.5,100.18056204681933,5.493575728853639
seed1013,L15,182,14,10,6137490.4891091855,6263447.775993273,12.5,102.05226040036388,5.117064795924953
seed1013,L16,183,15,10,6014309.6707453225,6028405.943054337,12.520833333333334,100.23437889102354,8.168628594735662
seed1013,L17,184,16,10,5862718.16700525,6287785.691398434,12.583333333333334,107.25034893857628,7.250348938576279
seed1013,L18,185,17,10,5684975.115295151,5781802.571508218,12.583333333333334,101.7032168874857,5.812526841790833
seed1013,L19,186,18,10,5483064.860220666,5666931.660425663,8.3125,103.35335811069719,3.353358110697191
seed1013,L20,187,19,10,5260960.897591241,5256653.127405429,8.354166666666666,99.91811818658863,4.290436138744158
seed1013,L21,188,20,10,5023043.443419824,4984847.209643959,8.375,99.23957986415782,5.135398846851236
seed1013,L22,189,21,10,4778938.89610593,4521721.843410133,8.375,94.61769530249931,9.636152421806576
seed1013,M01,190,0,11,4778938.89610593,5152317.498926761,4.604166666666667,107.81300223623018,7.813002236230182
seed1013,M02,191,1,11,5023043.443419824,5056295.369419415,4.604166666666667,100.661987625115,6.168582161429603
seed1013,M03,192,2,11,5260960.897591241,5516510.969493856,3.125,104.85747902098304,4.857479020983035
seed1013,M04,193,3,11,5483064.860220666,5535947.682481427,4.604166666666667,100.96447559182498,4.900631603899541
seed1013,M05,194,4,11,5684975.115295151,5807198.027070473,4.604166666666667,102.14992870323192,2.9825826735510708
seed1013,M06,195,5,11,5862718.16700525,5897571.713297441,4.604166666666667,100.59449465758634,3.4847178046651717
seed1013,M07,196,6,11,6014309.6707453225,6359376.196181127,2.9166666666666665,105.73742531273822,5.73742531273822
seed1013,M08,197,7,11,6137490.4891091855,6518039.660530208,13.395833333333334,106.20040344007533,6.2004034400753305
seed1013,M09,198,8,11,6231186.07721591,6263911.860559983,10.854166666666666,100.5251934854543,2.288249096260375
seed1013,M10,199,9,11,6294121.029825143,6732465.287534576,10.770833333333334,106.96434427670374,6.964344276703738
seed1013,M11,200,10,11,6325798.143363795,6518566.504713435,10.770833333333334,103.04733658869382,3.0473365886938275
seed1013,M12,201,11,11,6325798.143363796,6508411.071474799,10.75,102.88679663771087,2.8867966377108756
seed1013,M13,202,12,11,6294121.029825143,6403069.2373689,12.479166666666666,101.73095189983637,3.3341300389077677
seed1013,M14,203,13,11,6231186.077215911,6649489.263829797,12.479166666666666,106.71305882107092,6.713058821070916
seed1013,M15,204,14,11,6137490.489109186,6361774.594596765,12.5,103.6543291738792,4.961918903409845
seed1013,M16,205,15,11,6014309.670745322,6506451.585561466,12.479166666666666,108.18284959968076,8.182849599680765
seed1013,M17,206,16,11,5862718.16700525,6121718.736367235,12.541666666666666,104.41775575738251,4.744636479004893
seed1013,M18,207,17,11,5684975.115295151,6066331.498478956,12.625,106.70814516246136,7.827307333545075
seed1013,M19,208,18,11,5483064.860220667,5619012.237034227,8.3125,102.47940486350711,3.7424811876238584
seed1013,M20,209,19,11,5260960.897591241,5213088.405787177,8.333333333333334,99.09004281278764,5.412225459011055
seed1013,M21,210,20,11,5023043.443419824,5089181.812617705,8.354166666666666,101.31669912758812,3.3154248488115545
seed1013,M22,211,21,11,4778938.89610593,4680125.891832884,8.375,97.93232333743454,6.570734076515061
seed1013,N01,212,0,12,4724551.158262205,4822164.519452238,4.604166666666667,102.06608750588569,4.470140653544363
seed1013,N02,213,1,12,4980411.436454463,5307900.081776549,4.604166666666667,106.57553395940364,6.5755339594036455
seed1013,N03,214,2,12,5223557.861038766,5259152.0805077655,4.604166666666667,100.68141715696284,5.188556235667596
seed1013,N04,215,3,12,5449310.707698692,5639485.90944083,2.5416666666666665,103.48989462967238,3.4898946296723743
seed1013,N05,216,4,12,5652159.19660174,5562217.416567085,4.604166666666667,98.4087182100474,5.999542007745018
seed1013,N06,217,5,12,5831165.6294557275,5854824.46907721,4.604166666666667,100.40573087998001,3.272810303028284
seed1013,N07,218,6,12,5982803.020561031,5965355.592958529,4.604166666666667,99.70837369135268,2.98667137152524
seed1013,N08,219,7,12,6106600.609385955,6067076.260430184,13.145833333333334,99.35276021007463,2.8883692864019594
seed1013,N09,220,8,12,6200209.890353878,6361007.699053072,13.0625,102.59342524757685,2.5934252475768416
seed1013,N10,221,9,12,6263425.78799705,6447200.119946347,10.8125,102.93408652340821,2.934086523408208
seed1013,N11,222,10,12,6295063.374039248,6699585.907660621,10.791666666666666,106.42602797756761,6.426027977567617
seed1013,N12,223,11,12,6295063.374039246,6489470.155288911,10.8125,103.08824184441727,3.088241844417272
seed1013,N13,224,12,12,6263425.787997051,6663104.49016266,12.8125,106.38115171623068,6.381151716230682
seed1013,N14,225,13,12,6200209.890353879,6743314.43828038,12.604166666666666,108.7594542367259,8.759454236725905
seed1013,N15,226,14,12,6106600.609385955,6496648.756896535,12.541666666666666,106.38732041704297,6.387320417042974
seed1013,N16,227,15,12,5982803.020561033,6494181.900892898,12.541666666666666,108.54747981129272,8.547479811292714
seed1013,N17,228,16,12,5831165.6294557275,5969556.431191643,12.5625,102.37329567585671,4.866069455609157
seed1013,N18,229,17,12,5652159.196601739,5958230.7422531545,8.291666666666666,105.41512606077046,5.415126060770459
seed1013,N19,230,18,12,5449310.707698692,5504793.0483886385,8.333333333333334,101.01815337142664,4.4069084627119555
seed1013,N20,231,19,12,5223557.861038766,5457933.902129442,8.333333333333334,104.48690427723277,4.486904277232773
seed1013,N21,232,20,12,4980411.436454464,4986374.758025287,8.354166666666666,100.11973552078798,4.42268266977951
seed1013,N22,233,21,12,4724551.158262206,4753240.913406922,8.354166666666666,100.60724826938414,4.110445620324665
seed1013,O01,234,0,13,4606486.835566402,5099900.734700885,4.604166666666667,110.71128425516956,10.711284255169563
seed1013,O02,235,1,13,4897950.823594849,5080195.7392987115,4.604166666666667,103.72084004653408,3.7208400465340796
seed1013,O03,236,2,13,5153665.749412326,5539472.183681716,4.604166666666667,107.4860585266591,7.4860585266590896
seed1013,O04,237,3,13,5382481.659498054,5444585.38754048,4.604166666666667,101.15381216270076,3.9713808333824874
seed1013,O05,238,4,13,5588546.921177311,5640094.428871186,8.875,100.9223776488042,4.13100747591505
seed1013,O06,239,5,13,5767794.937449865,5649522.609856623,8.895833333333334,97.94943598245305,5.855451993435857
seed1013,O07,240,6,13,5921021.376589868,5982765.006737925,8.895833333333334,101.04278681364292,1.7600603693443295
seed1013,O08,241,7,13,6044592.137655852,6403006.782138743,13.083333333333334,105.92950915993296,5.929509159932955
seed1013,O09,242,8,13,6139052.374226682,6356625.920934896,13.0625,103.54409008826255,3.5440900882625526
seed1013,O10,243,9,13,6202091.960793214,6792836.772960234,13,109.5249282967979,9.524928296797896
seed1013,O11,244,10,13,6234006.704951215,6853143.371089279,10.8125,109.93160090197416,9.931600901974157
seed1013,O12,245,11,13,6234006.704951216,6776720.886786442,10.8125,108.70570417263407,8.705704172634077
seed1013,O13,246,12,13,6202091.960793213,6272095.738982832,12.895833333333334,101.12871235434997,4.486821819451848
seed1013,O14,247,13,13,6139052.374226681,6445727.066694559,8.1875,104.99547281524062,4.99547281524062
seed1013,O15,248,14,13,6044592.137655852,6484868.8030887265,17.75,107.28381097361546,7.492079349014736
seed1013,O16,249,15,13,5921021.376589866,5931324.068499159,8.291666666666666,100.17400193740266,6.825423869802904
seed1013,O17,250,16,13,5767794.937449864,5843384.948314337,8.3125,101.31055302215535,4.653839271523863
seed1013,O18,251,17,13,5588546.921177312,5557036.183552787,8.333333333333334,99.43615508523122,5.816961865063575
seed1013,O19,252,18,13,5382481.659498054,5675957.290310453,8.375,105.45242230959626,5.452422309596261
seed1013,O20,253,19,13,5153665.749412325,5077323.33543218,8.354166666666666,98.51867742899604,5.718418768253153
seed1013,O21,254,20,13,4897950.82359485,5047938.301050947,8.354166666666666,103.0622495581941,3.0622495581940967
seed1013,O22,255,21,13,4606486.835566402,4407561.9527063435,8.375,95.68163570284904,8.758609933721617
seed1013,P02,256,1,14,4807472.0116356285,5251168.0972297145,4.604166666666667,109.22930148153122,9.229301481531227
seed1013,P03,257,2,14,5055959.6395953465,5246065.218930311,4.604166666666667,103.7600296063712,3.760029606371207
seed1013,P04,258,3,14,5287643.482181484,5576310.117274362,8.854166666666666,105.45926812323181,5.4592681232318085
seed1013,P05,259,4,14,5493613.714834097,5850851.643283022,8.8125,106.50278572525578,6.5027857252557775
seed1013,P06,260,5,14,5675526.242933749,5998330.077315465,8.895833333333334,105.68764587748349,5.687645877483494
seed1013,P07,261,6,14,5828208.785565563,5911831.804563796,13.166666666666666,101.43479792977456,2.3423409084076585
seed1013,P08,262,7,14,5953475.132211618,6133699.168929903,13.104166666666666,103.02720734891749,3.027207348917482
seed1013,P09,263,8,14,6047455.501500435,6605633.914528971,13.0625,109.22997139689652,9.22997139689652
seed1013,P10,264,9,14,6111329.24444511,6256641.983321182,13.020833333333334,102.3777599449114,2.4022682188263866
seed1013,P11,265,10,14,6143075.9296207195,6657894.208195997,12.979166666666666,108.38046419209837,8.38046419209837
seed1013,P12,266,11,14,6143075.92962072,6387963.354017545,12.979166666666666,103.98639748559877,3.9863974855987694
seed1013,P13,267,12,14,6111329.244445109,6457666.314413858,7.4375,105.66713158652928,5.667131586529273
seed1013,P14,268,13,14,6047455.501500435,6164672.496131198,8.229166666666666,101.93828618667271,3.482684230556854
seed1013,P15,269,14,14,5953475.132211619,6153181.797649567,8.270833333333334,103.35445535595544,3.3544553559554435
seed1013,P16,270,15,14,5828208.785565562,5915741.77720183,8.3125,101.50188496769465,4.015198896510164
seed1013,P17,271,16,14,5675526.242933749,5613914.803868852,8.333333333333334,98.91443653984322,5.783507900365437
seed1013,P18,272,17,14,5493613.714834098,5685688.510398829,8.333333333333334,103.49632874707014,3.496328747070132
seed1013,P19,273,18,14,5287643.482181485,5181496.7752994,8.375,97.9925517437062,6.293925821092672
seed1013,P20,274,19,14,5055959.639595347,5122948.951978098,8.375,101.32495741971769,3.2966473433070353
seed1013,P21,275,20,14,4807472.0116356285,4765658.009313804,8.375,99.13022889742008,5.4587486937110015
seed1013,Q02,276,1,15,4658494.145209977,4724923.052588663,4.604166666666667,101.42597382991218,4.178858641669692
seed1013,Q03,277,2,15,4928045.372922852,5212489.1239936035,4.604166666666667,105.77193855871596,5.771938558715961
seed1013,Q04,278,3,15,5162124.327846741,5109459.054262935,8.875,98.97977518093265,6.1101031582672105
seed1013,Q05,279,4,15,5371899.296747003,5693346.991552433,8.895833333333334,105.9838741764963,5.983874176496307
seed1013,Q06,280,5,15,5552571.304517053,5477122.905370869,8.895833333333334,98.64119891472971,5.60993520258859
seed1013,Q07,281,6,15,5708036.136999339,5848260.0259196395,13.145833333333334,102.45660478586274,2.456604785862737
seed1013,Q08,282,7,15,5832223.427286436,6269253.730900131,13.0625,107.4933738232493,7.493373823249305
seed1013,Q09,283,8,15,5927869.242600706,6434721.325880963,13,108.55032495719976,8.550324957199763
seed1013,Q10,284,9,15,5991185.0616680235,6375916.906461152,13,106.42163179459547,6.421631794595473
seed1013,Q11,285,10,15,6023513.350534234,6245164.296637523,13.041666666666666,103.67976184669085,3.6797618466908544
seed1013,Q12,286,11,15,6023513.350534234,6248626.659757356,13.041666666666666,103.7372426376901,3.737242637690108
seed1013,Q13,287,12,15,5991185.061668024,5985177.801721512,7.208333333333333,99.8997316910648,4.114919657333349
seed1013,Q14,288,13,15,5927869.242600707,6185617.780965243,7.1875,104.34808069841053,4.348080698410528
seed1013,Q15,289,14,15,5832223.427286435,5887071.750044566,8.333333333333334,100.94043589793765,3.348438564644718
seed1013,Q16,290,15,15,5708036.136999339,5703667.395728594,8.354166666666666,99.92346332143157,4.08196475686421
seed1013,Q17,291,16,15,5552571.304517053,5640024.801373011,8.375,101.57500898340224,2.53011540983088
seed1013,Q18,292,17,15,5371899.296747004,5370488.023261488,8.395833333333334,99.9737285937886,4.342677590243326
seed1013,Q19,293,18,15,5162124.327846742,5429132.510313153,8.395833333333334,105.17244772711211,5.172447727112117
seed1013,Q20,294,19,15,4928045.372922851,4948526.409440846,8.395833333333334,100.4156016223091,4.309843797545254
seed1013,Q21,295,20,15,4658494.145209977,4685845.449472513,8.395833333333334,100.58712758694051,4.19029215263561
seed1013,R03,296,2,16,4783611.680034373,4679906.89286162,4.604166666666667,97.83208182207616,7.073099181272657
seed1013,R04,297,3,16,5014615.843792795,5238436.093568829,4.604166666666667,104.46335784730316,4.463357847303162
seed1013,R05,298,4,16,5220235.455154861,5208853.734553989,10.125,99.78196921003567,4.62765286234319
seed1013,R06,299,5,16,5404778.628483014,5437770.019652127,10.125,100.61041151612112,3.429514905698794
seed1013,R07,300,6,16,5558070.463898023,5476114.432184554,13.166666666666666,98.52545892957264,5.214659018019862
seed1013,R08,301,7,16,5685102.954659442,5602839.009400915,13.125,98.55299110825945,5.6422035802842885
seed1013,R09,302,8,16,5779372.729633639,5942804.387254503,13.0625,102.82784421885218,2.8278442188521824
seed1013,R10,303,9,16,5844171.611915346,5887044.00366472,13.083333333333334,100.73359227956216,3.7781078654537614
seed1013,R11,304,10,16,5876133.644191159,6287398.257122005,13.125,106.99889821834468,6.9988982183446735
seed1013,R12,305,11,16,5876133.644191159,6217160.284654558,6.0625,105.80358890918895,6.096858541796857
seed1013,R13,306,12,16,5844171.611915347,5928233.321341093,6.083333333333333,101.43838536935425,3.06542156739259
seed1013,R14,307,13,16,5779372.729633639,5674704.070932566,7.291666666666667,98.18892700648315,5.275749181948186
seed1013,R15,308,14,16,5685102.954659443,5708432.2538362015,7.291666666666667,100.41035842908768,3.2051578848315554
seed1013,R16,309,15,16,5558070.463898022,5625707.8321696045,7.3125,101.21692174849015,2.7324187154682433
seed1013,R17,310,16,16,5404778.628483014,5313957.850854073,8.4375,98.31962076762369,5.769765329183018
seed1013,R18,311,17,16,5220235.455154861,5480747.368302855,8.479166666666666,104.99042457731949,4.9904245773194855
seed1013,R19,312,18,16,5014615.843792796,5110982.903359525,8.4375,101.92172366874352,2.7829890862853146
seed1013,R20,313,19,16,4783611.680034373,4965608.999131294,8.395833333333334,103.80460060871022,3.804600608710218
seed1013,S03,314,2,17,4605930.485113044,4605040.518994135,4.604166666666667,99.98067782130482,4.944145843393599
seed1013,S04,315,3,17,4833706.8932106765,4770067.582616753,4.604166666666667,98.68342636407453,5.910165614230434
seed1013,S05,316,4,17,5046202.20778458,5026832.74853272,4.604166666666667,99.61615768741927,4.721124574358459
seed1013,S06,317,5,17,5226981.293094191,5041453.408040943,10.104166666666666,96.45057300475966,7.49182091559828
seed1013,S07,318,6,17,5385198.132940032,5288507.914518229,10.104166666666666,98.2045188304146,5.63893636191346
seed1013,S08,319,7,17,5509539.617519944,5403567.680101645,13.145833333333334,98.07657363817994,5.658565761957468
seed1013,S09,320,8,17,5606327.068053453,5426394.424776318,13.125,96.7905432363651,6.912420751000559
seed1013,S10,321,9,17,5669996.50792712,5782243.74059649,13.104166666666666,101.97967022576539,1.9796702257653953
seed1013,S11,322,10,17,5703093.806537875,5665620.682499434,6.145833333333333,99.34293340931052,4.46774898060821
seed1013,S12,323,11,17,5703093.806537876,5763758.505036802,6.125,101.06371559993248,3.588131485308743
seed1013,S13,324,12,17,5669996.507927121,5572462.05349326,6.125,98.27981455901254,5.468465022955438
seed1013,S14,325,13,17,5606327.068053454,5828416.28588061,6.125,103.9614031634488,3.9614031634487956
seed1013,S15,326,14,17,5509539.617519945,5507673.00820885,6.145833333333333,99.96612041221813,4.105427088746527
seed1013,S16,327,15,17,5385198.1329400325,5242910.15371759,7.354166666666667,97.35779490912137,6.789448358007388
seed1013,S17,328,16,17,5226981.293094191,5266519.584462074,7.375,100.75642687721344,3.6866151174254513
seed1013,S18,329,17,17,5046202.20778458,4966751.070159287,8.479166666666666,98.4255260817189,5.997666333133167
seed1013,S19,330,18,17,4833706.893210676,5069734.961982159,8.5,104.88296195830583,4.88296195830582
seed1013,S20,331,19,17,4605930.485113044,4573967.5035210205,8.458333333333334,99.30604724288973,5.42181530470538
seed1013,T04,332,3,18,4634829.928441549,4532530.556978268,4.604166666666667,97.79281283148012,6.661069964027321
seed1013,T05,333,4,18,4840705.940506407,4637861.655607257,4.604166666666667,95.8096135689265,8.30150883251246
seed1013,T06,334,5,18,5030143.834856761,4997106.248519349,10.0625,99.34320791965281,4.8784864585674
seed1013,T07,335,6,18,5184383.497814639,4944391.91867978,10.083333333333334,95.3708752595941,8.863041178914155
seed1013,T08,336,7,18,5312956.894543577,5165858.160403262,10.0625,97.23132076807576,7.324588676058951
seed1013,T09,337,8,18,5406235.561291306,5453843.420987164,10.041666666666666,100.88061016128727,4.189290527719103
seed1013,T10,338,9,18,5472666.261587133,5439336.396020116,10.0625,99.39097573332837,4.798333821119948
seed1013,T11,339,10,18,5505602.011222798,5511877.322096552,10.104166666666666,100.113980466822,3.272319812186608
seed1013,T12,340,11,18,5505602.011222798,5420860.087704667,6.166666666666667,98.4608054969213,5.143249817540029
seed1013,T13,341,12,18,5472666.261587133,5471044.764971583,6.166666666666667,99.97037099399006,4.118910891777727
seed1013,T14,342,13,18,5406235.561291306,5339067.202265056,6.166666666666667,98.7575761680239,5.632655411591603
seed1013,T15,343,14,18,5312956.894543577,5457125.68310872,6.166666666666667,102.71353205807495,2.713532058074941
seed1013,T16,344,15,18,5184383.497814638,5418531.552632768,6.208333333333333,104.51641077317737,4.516410773177371
seed1013,T17,345,16,18,5030143.834856762,4976674.152217567,6.1875,98.93701483705749,5.856178484243991
seed1013,T18,346,17,18,4840705.940506408,4977206.138655226,6.1875,102.81984073865347,2.8198407386534674
seed1013,T19,347,18,18,4634829.928441549,4604061.3047191575,8.5,99.3361434141611,5.298279102067149
seed1013,U05,348,4,19,4621144.824327538,4543253.870678265,10.083333333333334,98.31446629330412,5.981411047358353
seed1013,U06,349,5,19,4804428.858754163,4633936.221517925,10.083333333333334,96.45134432731619,7.968579357145811
seed1013,U07,350,6,19,4968052.809953903,4872162.635494666,10.0625,98.06986402666428,6.7996728494296494
seed1013,U08,351,7,19,5090752.3661602335,5060746.80373912,10.041666666666666,99.41058687865925,6.32426843723618
seed1013,U09,352,8,19,5184845.259658251,5383425.864281285,10,103.83001988831046,8.907712397293711
seed1013,U10,353,9,19,5250976.539444979,5474975.530533047,10.041666666666666,104.26585396840764,4.26585396840764
seed1013,U11,354,10,19,5287373.958214552,5185528.227867819,10.083333333333334,98.07379369888329,5.910891984500655
seed1013,U12,355,11,19,5287373.958214552,5401908.5954169715,6.1875,102.1661913476817,2.1661913476817007
seed1013,U13,356,12,19,5250976.539444979,5179036.307029656,6.208333333333333,98.6299646956159,5.72791534388255
seed1013,U14,357,13,19,5184845.259658251,5453118.7860531425,6.229166666666667,105.17418578491144,5.174185784911445
seed1013,U15,358,14,19,5090752.3661602335,4980581.453687072,6.208333333333333,97.83586188152657,7.09864940481012
seed1013,U16,359,15,19,4968052.809953903,4859725.407088548,6.208333333333333,97.8195199002653,7.271826397396708
seed1013,U17,360,16,19,4804428.858754164,4859042.411005041,6.208333333333333,101.13673349853782,4.176983770023179
seed1013,U18,361,17,19,4621144.824327538,4645785.296665096,6.208333333333333,100.53321142864516,4.644949556726285
seed1013,V06,362,5,20,4567696.552863375,4625506.9730750155,10.041666666666666,101.26563618100681,3.5141360497725427
seed1013,V07,363,6,20,4730657.414704839,4545683.556896794,10.0625,96.08989107448217,8.792003880147181
seed1013,V08,364,7,20,4856359.244297651,4673128.118885485,10.041666666666666,96.22698576866372,9.193769053570456
seed1013,V09,365,8,20,4932427.525751918,4957451.2497546505,10.041666666666666,100.50733079953199,5.739843875321715
seed1013,V10,366,9,20,5010924.366932793,4909260.038854727,10.0625,97.9711462270524,7.162801444364774
seed1013,V11,367,10,20,5051386.3627222525,5302704.724184029,10.104166666666666,104.97523537926998,4.975235379269982
seed1013,V12,368,11,20,5051386.362722253,5090172.134473096,6.229166666666667,100.76782429546608,3.536036771722173
seed1013,V13,369,12,20,5010924.366932793,5170405.524697544,6.229166666666667,103.18266942556889,3.1826694255688848
seed1013,V14,370,13,20,4932427.525751918,5001757.248983918,6.229166666666667,101.40559030761291,3.6473661841079252
seed1013,V15,371,14,20,4856359.244297652,4976209.3309745835,6.208333333333333,102.46789993589663,2.9414072672894864
seed1013,V16,372,15,20,4730657.41470484,5003601.327951266,6.208333333333333,105.76968250539565,5.769682505395646
seed1013,V17,373,16,20,4567696.552863376,4577017.5769748585,6.208333333333333,100.20406399601217,5.274280707001299
seed1013,W09,374,8,21,4637876.917895917,4416611.95015508,10.041666666666666,95.22917551159985,10.154169218134502
seed1013,W10,375,9,21,4753795.2844480425,4882182.4019294055,10.0625,102.70072878193513,2.7007287819351244
seed1013,W11,376,10,21,4807430.466142967,4827453.918646171,10.104166666666666,100.4165104964954,3.882129075671037
seed1013,W12,377,11,21,4807430.466142967,5149058.06559539,6.229166666666667,107.10624109611955,7.106241096119548
seed1013,W13,378,12,21,4753795.284448043,4884404.7244809,6.229166666666667,102.74747716756217,2.7474771675621623
seed1013,W14,379,13,21,4637876.917895916,5069101.930312786,6.25,109.29789686209494,9.297896862094944
extended-fuel,A09,0,8,0,4637876.917895916,4877906.713155978,36,105.17542400346747,13.92455136790085
extended-fuel,A10,1,9,0,4753795.284448043,4763503.119881908,26.354166666666668,100.20421231569698,10.39663387972264
extended-fuel,A11,2,10,0,4807430.466142967,4768660.401959019,0.5833333333333334,99.19353874264033,11.185034948237183
extended-fuel,A12,3,11,0,4807430.466142967,4970869.56691526,0.5208333333333334,103.39971845507358,8.172271472298576
extended-fuel,A13,4,12,0,4753795.2844480425,5024294.095730461,82.29166666666667,105.69016533310449,12.475482371206958
extended-fuel,A14,5,13,0,4637876.917895917,4839544.255378161,0.75,104.34826842221882,10.684711594320827
extended-fuel,B06,6,5,1,4567696.552863376,4680317.784288863,84.72916666666667,102.46560230352621,8.446914705713858
extended-fuel,B07,7,6,1,4730657.41470484,4983856.617073152,84.70833333333333,105.35230476807018,10.95960476194997
extended-fuel,B08,8,7,1,4856359.244297651,4728720.3404853605,21.833333333333332,97.37171618919741,11.460312452860133
extended-fuel,B09,9,8,1,4932427.525751918,4907530.090005203,21.833333333333332,99.49522956765759,10.021458137332594
extended-fuel,B10,10,9,1,5010924.366932793,5160214.899760504,93.45833333333333,102.97930126051958,10.725601971793342
extended-fuel,B11,11,10,1,5051386.362722253,5117645.3281151345,0.4791666666666667,101.31169862360663,8.827135351277448
extended-fuel,B12,12,11,1,5051386.3627222525,5258640.117641579,26.25,104.1029083906311,9.551835228755435
extended-fuel,B13,13,12,1,5010924.366932793,5158606.49000121,0.7291666666666666,102.94720319554162,9.196888001553571
extended-fuel,B14,14,13,1,4932427.525751918,5183517.207325479,82.3125,105.09059038906577,10.393675030125992
extended-fuel,B15,15,14,1,4856359.244297651,5504750.855143583,4.9375,113.35139305452486,13.351393054524863
extended-fuel,B16,16,15,1,4730657.41470484,5196569.495097681,1.0416666666666667,109.84878082578109,10.249998518713166
extended-fuel,B17,17,16,1,4567696.552863376,5159608.63636022,0.7291666666666666,112.95865600191388,12.958656001913882
extended-fuel,C05,18,4,2,4621144.824327538,4873110.19439216,57.833333333333336,105.45244478680209,7.746530338145396
extended-fuel,C06,19,5,2,4804428.858754164,5201327.478714442,57.854166666666664,108.26109890746093,11.589412479846672
extended-fuel,C07,20,6,2,4968052.809953903,5020567.118823027,47.666666666666664,101.05704006937906,9.339138331716178
extended-fuel,C08,21,7,2,5090752.3661602335,5051818.833797357,47.6875,99.23521064152169,10.345345048531518
extended-fuel,C09,22,8,2,5184845.259658251,5380273.572348356,84.83333333333333,103.76922170099607,9.64787020638317
extended-fuel,C10,23,9,2,5250976.539444979,5296384.638308647,21.770833333333332,100.86475531784546,7.609032362199497
extended-fuel,C11,24,10,2,5287373.958214552,5562849.9775253115,93.58333333333333,105.21007255185299,8.964932966701921
extended-fuel,C12,25,11,2,5287373.958214552,5589326.1403022595,7.6875,105.71081569932441,5.710815699324412
extended-fuel,C13,26,12,2,5250976.539444979,5536961.491970495,88.47916666666667,105.44631937273412,8.519571927325753
extended-fuel,C14,27,13,2,5184845.259658251,5638902.769458663,0.625,108.75739751257957,8.75739751257958
extended-fuel,C15,28,14,2,5090752.3661602335,5536350.074065202,1.0416666666666667,108.75308158509125,8.753081585091248
extended-fuel,C16,29,15,2,4968052.809953903,5659673.448684092,0.8333333333333334,113.92136245702682,13.92136245702682
extended-fuel,C17,30,16,2,4804428.858754163,5196879.038457007,1.0416666666666667,108.16850849998039,10.78201178097784
extended-fuel,C18,31,17,2,4621144.824327538,5365877.687334848,2.9583333333333335,116.11576549357945,16.11576549357945
extended-fuel,D04,32,3,3,4634829.928441549,4995383.401801531,19.291666666666668,107.77921690604984,7.779216906049835
extended-fuel,D05,33,4,3,4840705.940506408,5261924.679458597,57.854166666666664,108.70159733165123,10.341235259073056
extended-fuel,D06,34,5,3,5030143.83485676,5336035.782947484,57.8125,106.08117696299306,6.475230943086851
extended-fuel,D07,35,6,3,5184383.497814638,5617051.095614108,57.875,108.3455939936128,8.947866883554989
extended-fuel,D08,36,7,3,5312956.894543577,5657413.15460102,47.645833333333336,106.48332495246105,8.971946698588928
extended-fuel,D09,37,8,3,5406235.561291306,5515561.731170144,47.6875,102.02222357201032,7.940602529607421
extended-fuel,D10,38,9,3,5472666.261587133,5836827.788399245,40.208333333333336,106.65418845962115,8.186567033457193
extended-fuel,D11,39,10,3,5505602.011222798,5682549.839397465,35.895833333333336,103.21395966896935,5.928840109563138
extended-fuel,D12,40,11,3,5505602.011222798,5821829.029849063,90.625,105.74373189310917,7.115334049971079
extended-fuel,D13,41,12,3,5472666.261587133,5688452.039147451,7.625,103.94297344742046,6.228039453687295
extended-fuel,D14,42,13,3,5406235.561291306,5676401.9209073745,35.416666666666664,104.99731017180349,7.452817877219098
extended-fuel,D15,43,14,3,5312956.894543577,5961156.607796393,4.9375,112.20035709151941,12.20035709151941
extended-fuel,D16,44,15,3,5184383.497814639,5581587.770237119,1.0416666666666667,107.66155267236526,7.950716780466616
extended-fuel,D17,45,16,3,5030143.834856761,5646201.247718561,0.8333333333333334,112.24731206676009,12.247312066760085
extended-fuel,D18,46,17,3,4840705.940506407,5220831.430215521,2.2916666666666665,107.85268707459117,9.553802796818623
extended-fuel,D19,47,18,3,4634829.928441549,4948985.081296635,2.3125,106.7781376599663,11.434231629923042
extended-fuel,E03,48,2,4,4605930.485113044,4727513.31422569,19.333333333333332,102.63970178242197,10.15343669429507
extended-fuel,E04,49,3,4,4833706.893210676,5105615.815587201,84.875,105.6252670752222,9.91915314764359
extended-fuel,E05,50,4,4,5046202.20778458,5247024.137870728,19.291666666666668,103.97966474225602,6.876374031356846
extended-fuel,E06,51,5,4,5226981.293094191,5675892.124456398,57.770833333333336,108.58833820498461,8.907011976996749
extended-fuel,E07,52,6,4,5385198.1329400325,5721309.269092217,57.833333333333336,106.24138848478515,6.241388484785149
extended-fuel,E08,53,7,4,5509539.617519945,5767174.668319831,50.25,104.67616295889088,5.793611530850096
extended-fuel,E09,54,8,4,5606327.068053454,6060684.191268672,60.395833333333336,108.10436347540768,8.104363475407684
extended-fuel,E10,55,9,4,5669996.507927121,5928317.120305183,40.145833333333336,104.5559218954881,5.73925294442057
extended-fuel,E11,56,10,4,5703093.806537876,6177216.440837391,35.916666666666664,108.31342864737721,8.313428647377208
extended-fuel,E12,57,11,4,5703093.806537875,6044192.014608278,99.375,105.98093279965653,6.070910877622049
extended-fuel,E13,58,12,4,5669996.50792712,6017893.411740642,88.35416666666667,106.13575164159508,6.1357516415950775
extended-fuel,E14,59,13,4,5606327.068053453,6124611.298031521,0.625,109.24463064118054,9.244630641180528
extended-fuel,E15,60,14,4,5509539.617519944,5923516.799675136,73.3125,107.51382530835743,7.513825308357425
extended-fuel,E16,61,15,4,5385198.132940032,5986560.7277164925,4.9375,111.16695393430489,11.16695393430489
extended-fuel,E17,62,16,4,5226981.293094191,5580111.5396963665,73.33333333333333,106.75591181221036,8.861567845269413
extended-fuel,E18,63,17,4,5046202.20778458,5592375.58517936,0.9166666666666666,110.82345405327236,10.823454053272364
extended-fuel,E19,64,18,4,4833706.893210676,5076923.295380003,1.0416666666666667,105.03167460383136,10.035278729518748
extended-fuel,E20,65,19,4,4605930.485113044,4786850.060077722,0.9583333333333334,103.92797015824344,9.664844696389341
extended-fuel,F03,66,2,5,4783611.680034372,4842780.09834804,19.333333333333332,101.23689844141452,11.366510462745694
extended-fuel,F04,67,3,5,5014615.843792796,5366282.210313204,19.3125,107.01282765170752,7.0128276517075205
extended-fuel,F05,68,4,5,5220235.455154861,5657520.987736804,19.270833333333332,108.3767396382501,8.376739638250097
extended-fuel,F06,69,5,5,5404778.628483014,5602541.391844991,19.291666666666668,103.65903540100186,6.927813917936055
extended-fuel,F07,70,6,5,5558070.463898022,6091206.9315461265,76.10416666666667,109.59211422580996,9.592114225809967
extended-fuel,F08,71,7,5,5685102.954659442,6248985.791675044,76.0625,109.91860378805364,9.918603788053648
extended-fuel,F09,72,8,5,5779372.729633639,6269387.147660553,19.291666666666668,108.4786782398438,8.478678239843806
extended-fuel,F10,73,9,5,5844171.611915346,6321249.0124435965,76.20833333333333,108.16330238413198,8.163302384131988
extended-fuel,F11,74,10,5,5876133.644191159,6312825.136928226,90.5,107.43161267560272,7.431612675602728
extended-fuel,F12,75,11,5,5876133.644191159,6446176.710489417,35.8125,109.70098879323096,9.700988793230959
extended-fuel,F13,76,12,5,5844171.611915346,6170584.562208549,7.541666666666667,105.58527319128854,5.585273191288542
extended-fuel,F14,77,13,5,5779372.729633639,6237030.41916621,63.666666666666664,107.91881248956206,7.918812489562055
extended-fuel,F15,78,14,5,5685102.954659442,6243200.114276394,2.7083333333333335,109.8168347005843,9.816834700584298
extended-fuel,F16,79,15,5,5558070.463898023,5941684.7221940765,86.35416666666667,106.90193225846609,6.9019322584660925
extended-fuel,F17,80,16,5,5404778.628483014,5656106.838097862,0.8541666666666666,104.6501110756018,7.039515350005477
extended-fuel,F18,81,17,5,5220235.455154861,5529722.943817682,94.91666666666667,105.92861167511532,8.19631327178999
extended-fuel,F19,82,18,5,5014615.843792795,5370379.528157199,4.9375,107.09453516374093,7.094535163740923
extended-fuel,F20,83,19,5,4783611.680034373,5041163.6951242015,30.604166666666668,105.38404938186743,10.575012204009404
extended-fuel,G02,84,1,6,4658494.145209977,4867943.59050287,99.83333333333333,104.49607617320409,13.95898145704132
extended-fuel,G03,85,2,6,4928045.372922851,4962472.518095434,23.3125,100.69859635144074,11.787165650297382
extended-fuel,G04,86,3,6,5162124.327846742,5392781.547734942,89.41666666666667,104.46826161555107,9.685270455615857
extended-fuel,G05,87,4,6,5371899.296747004,5839350.409501693,19.3125,108.70178473073311,8.70178473073311
extended-fuel,G06,88,5,6,5552571.304517052,5921117.119817011,89.25,106.63739005026633,6.637390050266334
extended-fuel,G07,89,6,6,5708036.136999339,6212118.606734747,19.3125,108.83110158444791,8.831101584447909
extended-fuel,G08,90,7,6,5832223.427286435,6186372.1865321295,19.3125,106.07227695682553,6.072276956825529
extended-fuel,G09,91,8,6,5927869.242600707,6558342.328648109,35.875,110.6357454971594,10.635745497159398
extended-fuel,G10,92,9,6,5991185.061668024,6480793.514799677,35.875,108.17214704757157,8.172147047571565
extended-fuel,G11,93,10,6,6023513.350534234,6701152.077816068,35.875,111.24989168027217,11.249891680272173
extended-fuel,G12,94,11,6,6023513.350534234,6535045.739472005,35.8125,108.49225956961483,8.492259569614834
extended-fuel,G13,95,12,6,5991185.0616680235,6622234.040987196,24.645833333333332,110.53295755052976,10.532957550529765
extended-fuel,G14,96,13,6,5927869.242600706,6492836.423562557,24.666666666666668,109.53069573299132,9.530695732991322
extended-fuel,G15,97,14,6,5832223.427286436,6452867.03070191,18.75,110.64162940863605,10.641629408636044
extended-fuel,G16,98,15,6,5708036.136999341,6054975.167444526,18.8125,106.07808048369449,6.078080483694492
extended-fuel,G17,99,16,6,5552571.304517053,5897279.123624913,46.4375,106.20807550598113,6.476683345813883
extended-fuel,G18,100,17,6,5371899.296747003,5488689.791358922,0.7291666666666666,102.17410059571748,6.211682867237456
extended-fuel,G19,101,18,6,5162124.327846741,5419499.950226891,91.77083333333333,104.98584702797167,8.240860927375849
extended-fuel,G20,102,19,6,4928045.372922851,4969154.878814201,30.666666666666668,100.83419495520936,8.53040285193465
extended-fuel,G21,103,20,6,4658494.145209977,5025762.065559091,58.6875,107.88383346422688,12.870379801342613
extended-fuel,H02,104,1,7,4807472.0116356285,4839447.677953221,23.3125,100.66512433645379,11.807619599340457
extended-fuel,H03,105,2,7,5055959.639595347,5257463.859534659,83.9375,103.98547920282526,11.753839372487306
extended-fuel,H04,106,3,7,5287643.482181484,5523666.461600285,23.291666666666668,104.46367044628029,7.2511610571954765
extended-fuel,H05,107,4,7,5493613.714834098,6022185.806403381,23.333333333333332,109.62157368549612,9.62157368549612
extended-fuel,H06,108,5,7,5675526.242933749,6109581.699802887,19.333333333333332,107.64784512113839,7.647845121138386
extended-fuel,H07,109,6,7,5828208.785565562,6458456.694429026,55.604166666666664,110.81374967939324,10.813749679393236
extended-fuel,H08,110,7,7,5953475.132211619,6655195.574058749,55.520833333333336,111.78673675901376,11.78673675901376
extended-fuel,H09,111,8,7,6047455.501500435,6663190.364599915,35.875,110.1817179629798,10.181717962979796
extended-fuel,H10,112,9,7,6111329.244445109,6810201.621205872,59.229166666666664,111.43568524631533,11.43568524631533
extended-fuel,H11,113,10,7,6143075.92962072,6663405.169911223,35.833333333333336,108.47017432718968,8.470174327189683
extended-fuel,H12,114,11,7,6143075.9296207195,6837828.545624026,35.8125,111.30952350195355,11.309523501953556
extended-fuel,H13,115,12,7,6111329.24444511,6595868.433390387,24.666666666666668,107.92854008619645,7.928540086196456
extended-fuel,H14,116,13,7,6047455.501500435,6622428.653997132,63.75,109.50768719759971,9.507687197599711
extended-fuel,H15,117,14,7,5953475.132211618,6523092.9220340345,18.770833333333332,109.5678200911677,9.5678200911677
extended-fuel,H16,118,15,7,5828208.785565563,6398641.829028635,26.854166666666668,109.7874503891459,9.787450389145903
extended-fuel,H17,119,16,7,5675526.242933749,5975786.450649706,10.75,105.29043818782078,5.2904381878207785
extended-fuel,H18,120,17,7,5493613.714834097,5820724.00438208,45.208333333333336,105.95437368784606,6.770770679209582
extended-fuel,H19,121,18,7,5287643.482181484,5405831.852400215,0.5416666666666666,102.23518039022501,5.511992619319928
extended-fuel,H20,122,19,7,5055959.6395953465,5356896.213838713,91.8125,105.95211583349294,9.387851878413645
extended-fuel,H21,123,20,7,4807472.0116356285,4960770.800305824,58.708333333333336,103.18876091840292,7.571965172113115
extended-fuel,J01,124,0,8,4606486.835566402,4834258.961595978,5.833333333333333,104.94459517980081,9.75200343832946
extended-fuel,J02,125,1,8,4897950.82359485,5158635.019025397,83.875,105.32231140775762,12.139704852191823
extended-fuel,J03,126,2,8,5153665.749412325,5286433.030297845,23.270833333333332,102.57617174533794,8.676135860662871
extended-fuel,J04,127,3,8,5382481.659498054,5800338.50836229,23.25,107.76327492220761,7.763274922207608
extended-fuel,J05,128,4,8,5588546.921177312,6000121.918243483,23.270833333333332,107.36461557666345,7.364615576663458
extended-fuel,J06,129,5,8,5767794.937449864,6229514.130240307,68.52083333333333,108.00512497059378,8.00512497059378
extended-fuel,J07,130,6,8,5921021.376589866,6496896.243591538,15.875,109.72593798222931,9.725937982229315
extended-fuel,J08,131,7,8,6044592.137655852,6513477.68705332,55.5625,107.75710815087858,7.757108150878578
extended-fuel,J09,132,8,8,6139052.374226681,6852882.628884492,59.125,111.62769449002674,11.627694490026741
extended-fuel,J10,133,9,8,6202091.960793213,6696112.418394588,59.125,107.96538427234465,7.9653842723446555
extended-fuel,J11,134,10,8,6234006.704951216,6898721.37548591,37.854166666666664,110.66271985249487,10.662719852494874
extended-fuel,J12,135,11,8,6234006.704951215,6627495.495497481,18.75,106.31197252697446,6.311972526974463
extended-fuel,J13,136,12,8,6202091.960793214,6761418.001281434,83.10416666666667,109.01834484274053,9.018344842740532
extended-fuel,J14,137,13,8,6139052.374226682,6724468.735260302,24.645833333333332,109.5359401638492,9.5359401638492
extended-fuel,J15,138,14,8,6044592.137655852,6575855.235042376,80.14583333333333,108.78906442796905,8.789064427969052
extended-fuel,J16,139,15,8,5921021.376589868,6428033.067044366,10.729166666666666,108.5629093058013,8.562909305801302
extended-fuel,J17,140,16,8,5767794.937449865,6257753.972399063,45.270833333333336,108.49473742153921,8.494737421539211
extended-fuel,J18,141,17,8,5588546.921177311,5793187.2668144945,14.770833333333334,103.66178093381873,3.6617809338187257
extended-fuel,J19,142,18,8,5382481.659498054,5743735.148627508,84.29166666666667,106.71165295086476,7.921222498699354
extended-fuel,J20,143,19,8,5153665.749412326,5277634.85557519,97.04166666666667,102.40545491676482,6.324111179160452
extended-fuel,J21,144,20,8,4897950.823594849,5249835.324533679,97,107.18432082338802,10.006486671263136
extended-fuel,J22,145,21,8,4606486.835566402,4720468.065551444,97,102.47436352373786,8.49426708432376
extended-fuel,K01,146,0,9,4724551.158262206,5095125.229010727,83.9375,107.84358256128665,11.78215751742152
extended-fuel,K02,147,1,9,4980411.436454464,5209744.293521648,23.3125,104.60469702138597,6.425599520002223
extended-fuel,K03,148,2,9,5223557.861038766,5258204.210929503,23.291666666666668,100.66327110395686,8.976863631895782
extended-fuel,K04,149,3,9,5449310.707698692,5589320.551084625,23.270833333333332,102.56931290755966,6.330285936744473
extended-fuel,K05,150,4,9,5652159.196601739,6016775.849779421,47.625,106.4509268138962,6.450926813896207
extended-fuel,K06,151,5,9,5831165.6294557275,6192730.53263569,23.333333333333332,106.2005596506047,6.200559650604709
extended-fuel,K07,152,6,9,5982803.020561033,6613330.699625886,35.916666666666664,110.53900114875796,10.539001148757965
extended-fuel,K08,153,7,9,6106600.609385954,6798831.625970627,59.229166666666664,111.33578337382505,11.335783373825059
extended-fuel,K09,154,8,9,6200209.890353879,6638338.950631997,59.125,107.06635852698707,7.066358526987071
extended-fuel,K10,155,9,9,6263425.787997051,6931966.716601302,72.3125,110.67372634773469,10.673726347734691
extended-fuel,K11,156,10,9,6295063.374039246,6938563.72623215,97.58333333333333,110.22230141235258,10.222301412352586
extended-fuel,K12,157,11,9,6295063.374039248,6844806.967241864,37.791666666666664,108.73293183146895,8.73293183146895
extended-fuel,K13,158,12,9,6263425.78799705,6917511.8666457515,100.16666666666667,110.44294449695823,10.44294449695824
extended-fuel,K14,159,13,9,6200209.890353878,6804099.208617082,83.0625,109.73982056966682,9.739820569666824
extended-fuel,K15,160,14,9,6106600.609385955,6495101.243250884,26.75,106.36197876225599,6.361978762255993
extended-fuel,K16,161,15,9,5982803.020561031,6566855.233957719,39.0625,109.76218356829537,9.762183568295368
extended-fuel,K17,162,16,9,5831165.6294557275,6084424.268819041,39.020833333333336,104.34319063214386,4.444819371650621
extended-fuel,K18,163,17,9,5652159.19660174,6016079.106633199,84.33333333333333,106.43859978767512,6.737981384768943
extended-fuel,K19,164,18,9,5449310.707698692,5514060.51796945,84.25,101.18822019414824,6.395445234755359
extended-fuel,K20,165,19,9,5223557.861038766,5644715.380539363,97.08333333333333,108.0626563484997,8.265318384270447
extended-fuel,K21,166,20,9,4980411.436454463,5260907.375404008,97.02083333333333,105.63198327143087,5.631983271430863
extended-fuel,K22,167,21,9,4724551.158262205,5171686.6580384215,96.97916666666667,109.46408420182463,10.02043871214402
extended-fuel,L01,168,0,10,4778938.89610593,4988200.139976016,5.833333333333333,104.378822337331,6.057404936310995
extended-fuel,L02,169,1,10,5023043.443419824,5269045.672728066,37.375,104.89747365475218,9.44094818764809
extended-fuel,L03,170,2,10,5260960.897591241,5268159.4353784425,11.458333333333334,100.13682933455175,7.9021445469838465
extended-fuel,L04,171,3,10,5483064.860220667,5819142.58198695,96.35416666666667,106.12937709718717,7.9168611354878955
extended-fuel,L05,172,4,10,5684975.115295151,6057536.758786393,93.91666666666667,106.55344369914448,6.553443699144479
extended-fuel,L06,173,5,10,5862718.16700525,6465512.856234519,23.375,110.2818295551325,10.281829555132504
extended-fuel,L07,174,6,10,6014309.670745321,6426973.964629076,23.333333333333332,106.86137423037974,6.861374230379735
extended-fuel,L08,175,7,10,6137490.489109186,6557266.392887947,46.9375,106.83953652594072,6.839536525940715
extended-fuel,L09,176,8,10,6231186.077215911,6887331.170945855,47.020833333333336,110.5300192547469,10.530019254746904
extended-fuel,L10,177,9,10,6294121.029825143,6744539.023880416,17.979166666666668,107.15616989125145,7.1561698912514515
extended-fuel,L11,178,10,10,6325798.143363796,7086109.975556261,97.5625,112.01922374001272,12.01922374001272
extended-fuel,L12,179,11,10,6325798.143363795,7084824.0151728,100.14583333333333,111.99889491581827,11.99889491581827
extended-fuel,L13,180,12,10,6294121.029825143,6866460.83664576,22.604166666666668,109.09324438008967,9.093244380089672
extended-fuel,L14,181,13,10,6231186.07721591,6677612.482015588,6.125,107.16438891837974,7.164388918379738
extended-fuel,L15,182,14,10,6137490.4891091855,6751997.435847096,62.541666666666664,110.01234865990159,10.012348659901594
extended-fuel,L16,183,15,10,6014309.6707453225,6524302.297516936,32.6875,108.47965360434148,8.479653604341486
extended-fuel,L17,184,16,10,5862718.16700525,6361817.691236004,43.1875,108.51310791365741,8.513107913657404
extended-fuel,L18,185,17,10,5684975.115295151,5817063.418531814,32.75,102.32346317367838,5.359484406479087
extended-fuel,L19,186,18,10,5483064.860220666,5799268.303208096,32.8125,105.76691049711027,7.931902831723992
extended-fuel,L20,187,19,10,5260960.897591241,5365054.354386738,97.08333333333333,101.97860160570964,6.93421667056141
extended-fuel,L21,188,20,10,5023043.443419824,5357438.143145543,42.375,106.6572129724216,9.293526103660255
extended-fuel,L22,189,21,10,4778938.89610593,5034325.4975674385,97.02083333333333,105.34400223592746,5.680241507576955
extended-fuel,M01,190,0,11,4778938.89610593,5060067.8092043465,11.416666666666666,105.88266389694773,5.893158491169103
extended-fuel,M02,191,1,11,5023043.443419824,5319949.69534699,96.25,105.91088361610952,8.511684536368202
extended-fuel,M03,192,2,11,5260960.897591241,5483881.393588414,11.416666666666666,104.2372581803305,5.248696932350039
extended-fuel,M04,193,3,11,5483064.860220666,5888194.4574974235,79.4375,107.38874347841387,7.677227726978952
extended-fuel,M05,194,4,11,5684975.115295151,5888378.151543533,23.333333333333332,103.57790548108356,4.035439837442367
extended-fuel,M06,195,5,11,5862718.16700525,6435754.431483493,46.9375,109.7742420521462,9.77424205214621
extended-fuel,M07,196,6,11,6014309.6707453225,6454511.713659949,94.02083333333333,107.31924471824004,7.319244718240037
extended-fuel,M08,197,7,11,6137490.4891091855,6807725.413123788,34.604166666666664,110.92034155008332,10.920341550083323
extended-fuel,M09,198,8,11,6231186.07721591,6778672.275612045,92,108.78622771991992,8.786227719919925
extended-fuel,M10,199,9,11,6294121.029825143,6943930.862252584,72.3125,110.32407590111902,10.324075901119013
extended-fuel,M11,200,10,11,6325798.143363795,7127840.576758561,100.14583333333333,112.67891284574365,12.67891284574365
extended-fuel,M12,201,11,11,6325798.143363796,6968818.42065167,100.10416666666667,110.16504578102048,10.165045781020488
extended-fuel,M13,202,12,11,6294121.029825143,6911159.007093305,100.125,109.80340184664838,9.803401846648384
extended-fuel,M14,203,13,11,6231186.077215911,6802492.228379202,26.833333333333332,109.16849768380774,9.168497683807741
extended-fuel,M15,204,14,11,6137490.489109186,6492501.326273042,53.1875,105.78429958944642,5.784299589446418
extended-fuel,M16,205,15,11,6014309.670745322,6608741.514927953,43.145833333333336,109.88362549860133,9.883625498601333
extended-fuel,M17,206,16,11,5862718.16700525,6081395.756047397,32.729166666666664,103.72996932161674,4.721177318749392
extended-fuel,M18,207,17,11,5684975.115295151,6062358.206816196,80.20833333333333,106.63825406211038,6.861990731187051
extended-fuel,M19,208,18,11,5483064.860220667,5557848.465096895,42.270833333333336,101.36390151826906,5.870123927447734
extended-fuel,M20,209,19,11,5260960.897591241,5703798.29375441,97.125,108.41742420792227,8.417424207922263
extended-fuel,M21,210,20,11,5023043.443419824,5223033.080425933,42.333333333333336,103.98144350648796,5.928953030698747
extended-fuel,M22,211,21,11,4778938.89610593,5150201.634087631,42.354166666666664,107.76872745295447,10.427886681535659
extended-fuel,N01,212,0,12,4724551.158262205,5065850.217794412,64.25,107.2239467432869,11.478184855604368
extended-fuel,N02,213,1,12,4980411.436454463,5220327.025835786,11.395833333333334,104.81718413111906,5.773792239387521
extended-fuel,N03,214,2,12,5223557.861038766,5534383.772810424,11.375,105.95046365026472,7.6775439154247564
extended-fuel,N04,215,3,12,5449310.707698692,5607330.50837342,11.4375,102.89981263963313,4.62047378796523
extended-fuel,N05,216,4,12,5652159.19660174,6109377.332411896,79.47916666666667,108.08926500309919,8.08926500309919
extended-fuel,N06,217,5,12,5831165.6294557275,6316347.550723615,25.75,108.32049631409927,8.32049631409928
extended-fuel,N07,218,6,12,5982803.020561031,6707300.824690787,46.875,112.10967169802987,12.109671698029878
extended-fuel,N08,219,7,12,6106600.609385955,6722521.599331561,34.604166666666664,110.08615151609757,10.086151516097575
extended-fuel,N09,220,8,12,6200209.890353878,6902774.32790256,47,111.3313008748577,11.331300874857696
extended-fuel,N10,221,9,12,6263425.78799705,6846119.368966563,18.0625,109.30311303577925,9.303113035779242
extended-fuel,N11,222,10,12,6295063.374039248,6937244.019215688,72.3125,110.20133725459833,10.20133725459833
extended-fuel,N12,223,11,12,6295063.374039246,6800453.352481807,6.666666666666667,108.02835409928963,8.028354099289636
extended-fuel,N13,224,12,12,6263425.787997051,6815628.205541227,22.604166666666668,108.81630015641588,8.81630015641588
extended-fuel,N14,225,13,12,6200209.890353879,6572349.323365801,53.166666666666664,106.00204573059513,6.002045730595129
extended-fuel,N15,226,14,12,6106600.609385955,6695004.022345619,53.229166666666664,109.63553129797417,9.635531297974165
extended-fuel,N16,227,15,12,5982803.020561033,6274846.624467494,43.104166666666664,104.88138424251639,4.8813842425163845
extended-fuel,N17,228,16,12,5831165.6294557275,6209695.1599648455,97.125,106.49148994494347,6.491489944943463
extended-fuel,N18,229,17,12,5652159.196601739,5750860.65371404,43.145833333333336,101.7462610956118,5.269301717595964
extended-fuel,N19,230,18,12,5449310.707698692,5806820.494010832,42.229166666666664,106.5606423544001,6.560642354400104
extended-fuel,N20,231,19,12,5223557.861038766,5511894.327553653,42.25,105.5199248134211,5.519924813421095
extended-fuel,N21,232,20,12,4980411.436454464,5343124.412256421,42.3125,107.28279140046652,9.47593574299681
extended-fuel,N22,233,21,12,4724551.158262206,4942261.010273869,97.10416666666667,104.60805364824839,6.474468292280999
extended-fuel,O01,234,0,13,4606486.835566402,4687552.247265469,64.27083333333333,101.75980990704599,9.38949405728835
extended-fuel,O02,235,1,13,4897950.823594849,5236160.354958758,75.35416666666667,106.90512305135151,10.51272153907653
extended-fuel,O03,236,2,13,5153665.749412326,5230217.033711526,11.416666666666666,101.48537542055243,7.5797861963536555
extended-fuel,O04,237,3,13,5382481.659498054,5803400.33027126,75.3125,107.82015987050218,7.820159870502175
extended-fuel,O05,238,4,13,5588546.921177311,5981282.084131497,33.291666666666664,107.02750050224954,7.02750050224954
extended-fuel,O06,239,5,13,5767794.937449865,6372142.817674719,47,110.47797098854655,10.477970988546549
extended-fuel,O07,240,6,13,5921021.376589868,6498340.958970764,46.9375,109.75033774854222,9.750337748542215
extended-fuel,O08,241,7,13,6044592.137655852,6701545.174433713,34.604166666666664,110.86844276366068,10.86844276366068
extended-fuel,O09,242,8,13,6139052.374226682,6786839.907644088,18.145833333333332,110.55191410545682,10.551914105456817
extended-fuel,O10,243,9,13,6202091.960793214,6826444.964201597,18.104166666666668,110.06681305848505,10.066813058485046
extended-fuel,O11,244,10,13,6234006.704951215,6673522.283171173,18.104166666666668,107.0502904315275,7.050290431527495
extended-fuel,O12,245,11,13,6234006.704951216,6906164.868450493,56.791666666666664,110.78212127948836,10.782121279488365
extended-fuel,O13,246,12,13,6202091.960793213,6506531.2940457435,56.791666666666664,104.90865558229476,4.908655582294763
extended-fuel,O14,247,13,13,6139052.374226681,6725614.147461918,53.1875,109.5545979652784,9.5545979652784
extended-fuel,O15,248,14,13,6044592.137655852,6546581.902115277,97.16666666666667,108.30477479749527,8.304774797495273
extended-fuel,O16,249,15,13,5921021.376589866,6473859.922179106,28.541666666666668,109.33687805578639,9.336878055786379
extended-fuel,O17,250,16,13,5767794.937449864,6109919.680577996,28.520833333333332,105.93163846562473,5.931638465624722
extended-fuel,O18,251,17,13,5588546.921177312,5991845.007610609,97.1875,107.21651069806776,7.2165106980677685
extended-fuel,O19,252,18,13,5382481.659498054,5713842.397566504,20.083333333333332,106.156281786557,6.156281786557005
extended-fuel,O20,253,19,13,5153665.749412325,5579993.851975844,97.125,108.2723273742022,9.016676868038765
extended-fuel,O21,254,20,13,4897950.82359485,5046369.621660208,97.14583333333333,103.03022229930082,8.47267510565477
extended-fuel,O22,255,21,13,4606486.835566402,5079674.949910808,97.14583333333333,110.27221245246919,10.762870623580023
extended-fuel,P02,256,1,14,4807472.0116356285,4915191.72661729,75.375,102.24067274278342,9.010236565399875
extended-fuel,P03,257,2,14,5055959.6395953465,5029993.186585817,11.458333333333334,99.48641890243395,9.852277498221095
extended-fuel,P04,258,3,14,5287643.482181484,5381595.247366418,64.25,101.77681731950227,6.404098071818066
extended-fuel,P05,259,4,14,5493613.714834097,5945140.728763173,64.20833333333333,108.21912564965832,8.21912564965832
extended-fuel,P06,260,5,14,5675526.242933749,6038757.032556385,33.270833333333336,106.399949080931,6.399949080931
extended-fuel,P07,261,6,14,5828208.785565563,6377653.633330264,41.479166666666664,109.42733639065032,9.427336390650321
extended-fuel,P08,262,7,14,5953475.132211618,6478894.542365384,77.16666666666667,108.82542378166585,8.825423781665842
extended-fuel,P09,263,8,14,6047455.501500435,6309365.664295379,44.375,104.33091508866765,4.330915088667653
extended-fuel,P10,264,9,14,6111329.24444511,6698927.426865967,71,109.6148997855901,9.614899785590092
extended-fuel,P11,265,10,14,6143075.9296207195,6588464.644341653,18.1875,107.25025573220339,7.250255732203392
extended-fuel,P12,266,11,14,6143075.92962072,6767871.718380804,56.791666666666664,110.17073199026304,10.170731990263038
extended-fuel,P13,267,12,14,6111329.244445109,6410528.416591037,13.708333333333334,104.89581169952322,4.895811699523223
extended-fuel,P14,268,13,14,6047455.501500435,6560839.193640159,28.395833333333332,108.48925125637301,8.48925125637301
extended-fuel,P15,269,14,14,5953475.132211619,6457179.282882407,97.10416666666667,108.46067447137668,8.460674471376684
extended-fuel,P16,270,15,14,5828208.785565562,6261168.838321825,28.416666666666668,107.42869839921579,7.428698399215783
extended-fuel,P17,271,16,14,5675526.242933749,6164294.098270657,28.5,108.61185085604075,8.611850856040748
extended-fuel,P18,272,17,14,5493613.714834098,5884500.632130897,25.1875,107.1152967352129,7.115296735212895
extended-fuel,P19,273,18,14,5287643.482181485,5700615.038858701,25.25,107.81012483290266,7.810124832902665
extended-fuel,P20,274,19,14,5055959.639595347,5353524.942256789,20.104166666666668,105.88543667024322,6.583466668621174
extended-fuel,P21,275,20,14,4807472.0116356285,5169882.426606625,90.1875,107.53848205655379,11.740718460952127
extended-fuel,Q02,276,1,15,4658494.145209977,4999176.723514199,98.52083333333333,107.3131481479809,13.504878211302906
extended-fuel,Q03,277,2,15,4928045.372922852,5053036.526307815,7.041666666666667,102.53632310432302,9.33630604716209
extended-fuel,Q04,278,3,15,5162124.327846741,5436253.914819068,87.85416666666667,105.31040264748279,10.144096373497835
extended-fuel,Q05,279,4,15,5371899.296747003,5611663.070195986,7,104.46329613055431,4.463296130554317
extended-fuel,Q06,280,5,15,5552571.304517053,5966567.600330231,64.1875,107.45593839517899,7.455938395178996
extended-fuel,Q07,281,6,15,5708036.136999339,5958655.967069614,41.5625,104.3906489737471,4.390648973747102
extended-fuel,Q08,282,7,15,5832223.427286436,6127733.200887808,29.458333333333332,105.06684589994974,5.066845899949746
extended-fuel,Q09,283,8,15,5927869.242600706,6428798.11397368,44.4375,108.45040352396849,8.450403523968486
extended-fuel,Q10,284,9,15,5991185.0616680235,6600928.961562466,92.79166666666667,110.1773504510088,10.177350451008804
extended-fuel,Q11,285,10,15,6023513.350534234,6566975.546083101,56.75,109.02234566311148,9.022345663111487
extended-fuel,Q12,286,11,15,6023513.350534234,6633385.459736782,92.75,110.12485693500551,10.12485693500551
extended-fuel,Q13,287,12,15,5991185.061668024,6521516.636971961,98.83333333333333,108.85186436147718,8.85186436147718
extended-fuel,Q14,288,13,15,5927869.242600707,6302120.623351212,13.75,106.31342166019692,6.313421660196927
extended-fuel,Q15,289,14,15,5832223.427286435,6303896.599668039,28.333333333333332,108.08736459194705,8.087364591947054
extended-fuel,Q16,290,15,15,5708036.136999339,6149881.430828392,98.95833333333333,107.74075852402237,7.740758524022362
extended-fuel,Q17,291,16,15,5552571.304517053,5739131.888204483,28.458333333333332,103.35989532517415,6.145154971861288
extended-fuel,Q18,292,17,15,5371899.296747004,5727291.043502941,97.1875,106.61575593889386,8.427652354967863
extended-fuel,Q19,293,18,15,5162124.327846742,5449693.551325227,9.791666666666666,105.57075353507493,6.26690183550711
extended-fuel,Q20,294,19,15,4928045.372922851,5093877.057303128,5.479166666666667,103.36506001530424,9.557161710114404
extended-fuel,Q21,295,20,15,4658494.145209977,4927936.101625856,5.4375,105.78388526457478,9.016926659653823
extended-fuel,R03,296,2,16,4783611.680034373,5075435.188376857,98.52083333333333,106.10048490266225,13.037803554353156
extended-fuel,R04,297,3,16,5014615.843792795,5004988.401936082,98.47916666666667,99.8080123750929,10.15076945398321
extended-fuel,R05,298,4,16,5220235.455154861,5518459.595116558,98.4375,105.71284844378441,8.061073038038359
extended-fuel,R06,299,5,16,5404778.628483014,5585868.355994485,33.395833333333336,103.35054846755673,5.310464822987704
extended-fuel,R07,300,6,16,5558070.463898023,5999199.687423801,41.645833333333336,107.93673319528956,7.936733195289558
extended-fuel,R08,301,7,16,5685102.954659442,6042192.615896621,92.89583333333333,106.28114678107126,6.281146781071256
extended-fuel,R09,302,8,16,5779372.729633639,5952105.460458249,29.479166666666668,102.9887799058006,4.193694891839805
extended-fuel,R10,303,9,16,5844171.611915346,6382007.907159243,92.8125,109.20295177758526,9.202951777585255
extended-fuel,R11,304,10,16,5876133.644191159,6235427.260782182,44.395833333333336,106.1144561772553,6.114456177255301
extended-fuel,R12,305,11,16,5876133.644191159,6476054.087139963,56.708333333333336,110.20944177370531,10.209441773705308
extended-fuel,R13,306,12,16,5844171.611915347,6133116.194168722,54.6875,104.94414951238362,4.944149512383622
extended-fuel,R14,307,13,16,5779372.729633639,6264277.477498744,54.666666666666664,108.39026604701863,8.390266047018624
extended-fuel,R15,308,14,16,5685102.954659443,5821364.711098207,28.375,102.3968212629656,5.542160448923939
extended-fuel,R16,309,15,16,5558070.463898022,5738971.8459830405,9.75,103.25475150522196,6.127655970602886
extended-fuel,R17,310,16,16,5404778.628483014,5694617.415488692,88.97916666666667,105.36263937764696,7.966696189115263
extended-fuel,R18,311,17,16,5220235.455154861,5384674.37188264,9.791666666666666,103.15002873223658,7.81623109645947
extended-fuel,R19,312,18,16,5014615.843792796,5219013.608887361,9.8125,104.07604034808715,8.873068402549244
extended-fuel,R20,313,19,16,4783611.680034373,5220459.674887356,9.854166666666666,109.1321792836212,9.1321792836212
extended-fuel,S03,314,2,17,4605930.485113044,4574379.678554984,98.5,99.31499603261412,12.00268686300393
extended-fuel,S04,315,3,17,4833706.8932106765,5064913.238765184,98.47916666666667,104.78320987727359,11.385812235615745
extended-fuel,S05,316,4,17,5046202.20778458,5162471.564539358,16.875,102.30409626818786,8.953716822717606
extended-fuel,S06,317,5,17,5226981.293094191,5595176.543953331,33.479166666666664,107.04412796245502,7.688279334523029
extended-fuel,S07,318,6,17,5385198.132940032,5643410.755415851,29.583333333333332,104.7948583524976,6.166496455321713
extended-fuel,S08,319,7,17,5509539.617519944,5666055.335722375,29.541666666666668,102.84081300921626,6.322947920979239
extended-fuel,S09,320,8,17,5606327.068053453,5961424.562661421,101,106.33387046987359,6.333870469873593
extended-fuel,S10,321,9,17,5669996.50792712,6063224.052004272,16.916666666666668,106.93523432558358,6.9352343255835835
extended-fuel,S11,322,10,17,5703093.806537875,6259162.726788888,44.4375,109.75030289022338,9.750302890223384
extended-fuel,S12,323,11,17,5703093.806537876,6258724.435397754,40.666666666666664,109.74261773886515,9.742617738865157
extended-fuel,S13,324,12,17,5669996.507927121,6196302.534657646,40.645833333333336,109.28229895723402,9.282298957234026
extended-fuel,S14,325,13,17,5606327.068053454,5877194.044040226,9.791666666666666,104.83145154927284,4.831451549272847
extended-fuel,S15,326,14,17,5509539.617519945,5930054.221372639,98.85416666666667,107.63248171436118,7.632481714361172
extended-fuel,S16,327,15,17,5385198.1329400325,5763420.200683645,9.729166666666666,107.02336401385335,7.3681459086263885
extended-fuel,S17,328,16,17,5226981.293094191,5632681.887746968,9.75,107.76166150027709,7.761661500277084
extended-fuel,S18,329,17,17,5046202.20778458,5385602.114397546,98.89583333333333,106.72584832390164,9.479229789316545
extended-fuel,S19,330,18,17,4833706.893210676,5226288.749238189,9.833333333333334,108.12175551188108,8.12175551188108
extended-fuel,S20,331,19,17,4605930.485113044,4981943.143164001,88.97916666666667,108.16366333070545,12.529427875795152
extended-fuel,T04,332,3,18,4634829.928441549,4994705.626871518,16.895833333333332,107.76459339363453,7.7645933936345335
extended-fuel,T05,333,4,18,4840705.940506407,5110599.472145452,98.54166666666667,105.57549942004553,12.302334985064833
extended-fuel,T06,334,5,18,5030143.834856761,5359251.808813869,16.854166666666668,106.54271497519674,8.777300803503485
extended-fuel,T07,335,6,18,5184383.497814639,5594788.041681173,38.5625,107.91616870240274,8.349617635581218
extended-fuel,T08,336,7,18,5312956.894543577,5771130.295276277,38.5,108.6236988145574,8.6236988145574
extended-fuel,T09,337,8,18,5406235.561291306,5664907.473295904,38.479166666666664,104.78469554409895,4.784695544098949
extended-fuel,T10,338,9,18,5472666.261587133,5914990.318933296,56.3125,108.08242337836045,8.082423378360449
extended-fuel,T11,339,10,18,5505602.011222798,5951272.0306381555,24.166666666666668,108.09484627669943,8.09484627669943
extended-fuel,T12,340,11,18,5505602.011222798,6115634.684046948,40.729166666666664,111.08021741456501,11.08021741456502
extended-fuel,T13,341,12,18,5472666.261587133,5925514.976114063,40.645833333333336,108.27473653391755,8.274736533917547
extended-fuel,T14,342,13,18,5406235.561291306,5831425.4334113775,40.604166666666664,107.86480476663715,7.864804766637157
extended-fuel,T15,343,14,18,5312956.894543577,5455153.4569627065,9.791666666666666,102.6764109937569,5.873715025097804
extended-fuel,T16,344,15,18,5184383.497814638,5315272.90134702,9.770833333333334,102.5246859841205,7.6356379824424
extended-fuel,T17,345,16,18,5030143.834856762,5454322.326429384,98.8125,108.4327308621524,9.194395173972714
extended-fuel,T18,346,17,18,4840705.940506408,5112922.569140902,9.770833333333334,105.62349029212082,7.714712352499942
extended-fuel,T19,347,18,18,4634829.928441549,4774804.101622425,9.8125,103.02004982581836,10.215117642597793
extended-fuel,U05,348,4,19,4621144.824327538,4848488.109333038,16.875,104.91963125259946,12.18131518893869
extended-fuel,U06,349,5,19,4804428.858754163,4933162.301410301,98.70833333333333,102.6794744274665,14.070169910972286
extended-fuel,U07,350,6,19,4968052.809953903,5041677.852429373,16.895833333333332,101.4819698037017,12.222669011100407
extended-fuel,U08,351,7,19,5090752.3661602335,5378269.347762836,16.895833333333332,105.64782886541121,7.952802742396681
extended-fuel,U09,352,8,19,5184845.259658251,5537405.651250898,38.458333333333336,106.79982475727512,7.681031745956202
extended-fuel,U10,353,9,19,5250976.539444979,5403707.685388761,56.354166666666664,102.90862365878948,6.693422830476825
extended-fuel,U11,354,10,19,5287373.958214552,5645023.890733075,100.9375,106.76422616113376,7.358911643009369
extended-fuel,U12,355,11,19,5287373.958214552,5635460.059559519,40.708333333333336,106.58334560967026,6.583345609670266
extended-fuel,U13,356,12,19,5250976.539444979,5672783.92175033,101,108.03293214389291,8.032932143892912
extended-fuel,U14,357,13,19,5184845.259658251,5399012.280405077,40.666666666666664,104.13063476384139,4.605225472368623
extended-fuel,U15,358,14,19,5090752.3661602335,5498095.140268897,98.79166666666667,108.00162225168117,8.687026915682194
extended-fuel,U16,359,15,19,4968052.809953903,5387546.02309712,98.77083333333333,108.44381549855365,9.301222239732688
extended-fuel,U17,360,16,19,4804428.858754164,5040481.556284945,98.79166666666667,104.91323119709995,8.116195171188757
extended-fuel,U18,361,17,19,4621144.824327538,5045972.326844497,69.85416666666667,109.19312245486223,12.552595680069933
extended-fuel,V06,362,5,20,4567696.552863375,4672095.79303045,16.895833333333332,102.28559929406057,14.369802139906607
extended-fuel,V07,363,6,20,4730657.414704839,4769567.166497208,16.916666666666668,100.82250199880087,14.114956826979485
extended-fuel,V08,364,7,20,4856359.244297651,4995286.442645307,101,102.86072737536426,12.510228701153247
extended-fuel,V09,365,8,20,4932427.525751918,5069513.816116355,8.354166666666666,102.7792864598358,8.648084479801055
extended-fuel,V10,366,9,20,5010924.366932793,5270652.0644013705,56.416666666666664,105.1832292497274,9.29786300663531
extended-fuel,V11,367,10,20,5051386.3627222525,5090724.008114874,31.8125,100.77874948712935,7.3413484032078475
extended-fuel,V12,368,11,20,5051386.362722253,5421865.741269787,62.25,107.33421187659616,8.588581142854867
extended-fuel,V13,369,12,20,5010924.366932793,5370009.621055874,40.6875,107.16604817451834,7.166048174518336
extended-fuel,V14,370,13,20,4932427.525751918,5337507.677111903,40.729166666666664,108.21259206030065,9.568997463874684
extended-fuel,V15,371,14,20,4856359.244297652,5017781.053383262,69.85416666666667,103.32392644294492,5.940615598325594
extended-fuel,V16,372,15,20,4730657.41470484,4885573.663669441,98.77083333333333,103.27472981837698,7.387894427407526
extended-fuel,V17,373,16,20,4567696.552863376,5002693.700041156,69.83333333333333,109.52333724763506,12.958989469103477
extended-fuel,W09,374,8,21,4637876.917895917,4547836.371996998,8.354166666666666,98.05858267709769,12.441812262836716
extended-fuel,W10,375,9,21,4753795.2844480425,4754660.247361398,8.354166666666666,100.01819520744164,8.859447407826304
extended-fuel,W11,376,10,21,4807430.466142967,5130913.890657603,101,106.72882170200515,10.550609155254731
extended-fuel,W12,377,11,21,4807430.466142967,4898498.713782686,62.25,101.89432272148457,7.056317000846491
extended-fuel,W13,378,12,21,4753795.284448043,5197730.925433851,85.20833333333333,109.33855192372577,9.439197771813957
extended-fuel,W14,379,13,21,4637876.917895916,4887828.592991577,62.229166666666664,105.38935550728368,5.389355507283677
endless,A09,0,8,0,4637876.917895916,4877906.713155978,36,105.17542400346747,13.92455136790085
endless,A10,1,9,0,4753795.284448043,4763503.119881908,26.354166666666668,100.20421231569698,10.39663387972264
endless,A11,2,10,0,4807430.466142967,4768660.401959019,0.5833333333333334,99.19353874264033,11.185034948237183
endless,A12,3,11,0,4807430.466142967,4970869.56691526,0.5208333333333334,103.39971845507358,8.172271472298576
endless,A13,4,12,0,4753795.2844480425,5024294.095730461,82.29166666666667,105.69016533310449,12.475482371206958
endless,A14,5,13,0,4637876.917895917,4839544.255378161,0.75,104.34826842221882,10.684711594320827
endless,B06,6,5,1,4567696.552863376,4680317.784288863,84.72916666666667,102.46560230352621,8.446914705713858
endless,B07,7,6,1,4730657.41470484,4983856.617073152,84.70833333333333,105.35230476807018,10.95960476194997
endless,B08,8,7,1,4856359.244297651,4728720.3404853605,21.833333333333332,97.37171618919741,11.460312452860133
endless,B09,9,8,1,4932427.525751918,4907530.090005203,21.833333333333332,99.49522956765759,10.021458137332594
endless,B10,10,9,1,5010924.366932793,5160214.899760504,93.45833333333333,102.97930126051958,10.725601971793342
endless,B11,11,10,1,5051386.362722253,5117645.3281151345,0.4791666666666667,101.31169862360663,8.827135351277448
endless,B12,12,11,1,5051386.3627222525,5258640.117641579,26.25,104.1029083906311,9.551835228755435
endless,B13,13,12,1,5010924.366932793,5158606.49000121,0.7291666666666666,102.94720319554162,9.196888001553571
endless,B14,14,13,1,4932427.525751918,5183517.207325479,82.3125,105.09059038906577,10.393675030125992
endless,B15,15,14,1,4856359.244297651,5504750.855143583,4.9375,113.35139305452486,13.351393054524863
endless,B16,16,15,1,4730657.41470484,5196569.495097681,1.0416666666666667,109.84878082578109,10.249998518713166
endless,B17,17,16,1,4567696.552863376,5159608.63636022,0.7291666666666666,112.95865600191388,12.958656001913882
endless,C05,18,4,2,4621144.824327538,4873110.19439216,57.833333333333336,105.45244478680209,7.746530338145396
endless,C06,19,5,2,4804428.858754164,5201327.478714442,57.854166666666664,108.26109890746093,11.589412479846672
endless,C07,20,6,2,4968052.809953903,5020567.118823027,47.666666666666664,101.05704006937906,9.339138331716178
endless,C08,21,7,2,5090752.3661602335,5051818.833797357,47.6875,99.23521064152169,10.345345048531518
endless,C09,22,8,2,5184845.259658251,5380273.572348356,84.83333333333333,103.76922170099607,9.64787020638317
endless,C10,23,9,2,5250976.539444979,5296384.638308647,21.770833333333332,100.86475531784546,7.609032362199497
endless,C11,24,10,2,5287373.958214552,5562849.9775253115,93.58333333333333,105.21007255185299,8.964932966701921
endless,C12,25,11,2,5287373.958214552,5589326.1403022595,7.6875,105.71081569932441,5.710815699324412
endless,C13,26,12,2,5250976.539444979,5536961.491970495,88.47916666666667,105.44631937273412,8.519571927325753
endless,C14,27,13,2,5184845.259658251,5638902.769458663,0.625,108.75739751257957,8.75739751257958
endless,C15,28,14,2,5090752.3661602335,5536350.074065202,1.0416666666666667,108.75308158509125,8.753081585091248
endless,C16,29,15,2,4968052.809953903,5659673.448684092,0.8333333333333334,113.92136245702682,13.92136245702682
endless,C17,30,16,2,4804428.858754163,5196879.038457007,1.0416666666666667,108.16850849998039,10.78201178097784
endless,C18,31,17,2,4621144.824327538,5365877.687334848,2.9583333333333335,116.11576549357945,16.11576549357945
endless,D04,32,3,3,4634829.928441549,4995383.401801531,19.291666666666668,107.77921690604984,7.779216906049835
endless,D05,33,4,3,4840705.940506408,5261924.679458597,57.854166666666664,108.70159733165123,10.341235259073056
endless,D06,34,5,3,5030143.83485676,5336035.782947484,57.8125,106.08117696299306,6.475230943086851
endless,D07,35,6,3,5184383.497814638,5617051.095614108,57.875,108.3455939936128,8.947866883554989
endless,D08,36,7,3,5312956.894543577,5657413.15460102,47.645833333333336,106.48332495246105,8.971946698588928
endless,D09,37,8,3,5406235.561291306,5515561.731170144,47.6875,102.02222357201032,7.940602529607421
endless,D10,38,9,3,5472666.261587133,5836827.788399245,40.208333333333336,106.65418845962115,8.186567033457193
endless,D11,39,10,3,5505602.011222798,5682549.839397465,35.895833333333336,103.21395966896935,5.928840109563138
endless,D12,40,11,3,5505602.011222798,5821829.029849063,90.625,105.74373189310917,7.115334049971079
endless,D13,41,12,3,5472666.261587133,5688452.039147451,7.625,103.94297344742046,6.228039453687295
endless,D14,42,13,3,5406235.561291306,5676401.9209073745,35.416666666666664,104.99731017180349,7.452817877219098
endless,D15,43,14,3,5312956.894543577,5961156.607796393,4.9375,112.20035709151941,12.20035709151941
endless,D16,44,15,3,5184383.497814639,5581587.770237119,1.0416666666666667,107.66155267236526,7.950716780466616
endless,D17,45,16,3,5030143.834856761,5646201.247718561,0.8333333333333334,112.24731206676009,12.247312066760085
endless,D18,46,17,3,4840705.940506407,5220831.430215521,2.2916666666666665,107.85268707459117,9.553802796818623
endless,D19,47,18,3,4634829.928441549,4948985.081296635,2.3125,106.7781376599663,11.434231629923042
endless,E03,48,2,4,4605930.485113044,4727513.31422569,19.333333333333332,102.63970178242197,10.15343669429507
endless,E04,49,3,4,4833706.893210676,5105615.815587201,84.875,105.6252670752222,9.91915314764359
endless,E05,50,4,4,5046202.20778458,5247024.137870728,19.291666666666668,103.97966474225602,6.876374031356846
endless,E06,51,5,4,5226981.293094191,5675892.124456398,57.770833333333336,108.58833820498461,8.907011976996749
endless,E07,52,6,4,5385198.1329400325,5721309.269092217,57.833333333333336,106.24138848478515,6.241388484785149
endless,E08,53,7,4,5509539.617519945,5767174.668319831,50.25,104.67616295889088,5.793611530850096
endless,E09,54,8,4,5606327.068053454,6060684.191268672,60.395833333333336,108.10436347540768,8.104363475407684
endless,E10,55,9,4,5669996.507927121,5928317.120305183,40.145833333333336,104.5559218954881,5.73925294442057
endless,E11,56,10,4,5703093.806537876,6177216.440837391,35.916666666666664,108.31342864737721,8.313428647377208
endless,E12,57,11,4,5703093.806537875,6044192.014608278,99.375,105.98093279965653,6.070910877622049
endless,E13,58,12,4,5669996.50792712,6017893.411740642,88.35416666666667,106.13575164159508,6.1357516415950775
endless,E14,59,13,4,5606327.068053453,6124611.298031521,0.625,109.24463064118054,9.244630641180528
endless,E15,60,14,4,5509539.617519944,5923516.799675136,73.3125,107.51382530835743,7.513825308357425
endless,E16,61,15,4,5385198.132940032,5986560.7277164925,4.9375,111.16695393430489,11.16695393430489
endless,E17,62,16,4,5226981.293094191,5580111.5396963665,73.33333333333333,106.75591181221036,8.861567845269413
endless,E18,63,17,4,5046202.20778458,5592375.58517936,0.9166666666666666,110.82345405327236,10.823454053272364
endless,E19,64,18,4,4833706.893210676,5076923.295380003,1.0416666666666667,105.03167460383136,10.035278729518748
endless,E20,65,19,4,4605930.485113044,4786850.060077722,0.9583333333333334,103.92797015824344,9.664844696389341
endless,F03,66,2,5,4783611.680034372,4842780.09834804,19.333333333333332,101.23689844141452,11.366510462745694
endless,F04,67,3,5,5014615.843792796,5366282.210313204,19.3125,107.01282765170752,7.0128276517075205
endless,F05,68,4,5,5220235.455154861,5657520.987736804,19.270833333333332,108.3767396382501,8.376739638250097
endless,F06,69,5,5,5404778.628483014,5602541.391844991,19.291666666666668,103.65903540100186,6.927813917936055
endless,F07,70,6,5,5558070.463898022,6091206.9315461265,76.10416666666667,109.59211422580996,9.592114225809967
endless,F08,71,7,5,5685102.954659442,6248985.791675044,76.0625,109.91860378805364,9.918603788053648
endless,F09,72,8,5,5779372.729633639,6269387.147660553,19.291666666666668,108.4786782398438,8.478678239843806
endless,F10,73,9,5,5844171.611915346,6321249.0124435965,76.20833333333333,108.16330238413198,8.163302384131988
endless,F11,74,10,5,5876133.644191159,6312825.136928226,90.5,107.43161267560272,7.431612675602728
endless,F12,75,11,5,5876133.644191159,6446176.710489417,35.8125,109.70098879323096,9.700988793230959
endless,F13,76,12,5,5844171.611915346,6170584.562208549,7.541666666666667,105.58527319128854,5.585273191288542
endless,F14,77,13,5,5779372.729633639,6237030.41916621,63.666666666666664,107.91881248956206,7.918812489562055
endless,F15,78,14,5,5685102.954659442,6243200.114276394,2.7083333333333335,109.8168347005843,9.816834700584298
endless,F16,79,15,5,5558070.463898023,5941684.7221940765,86.35416666666667,106.90193225846609,6.9019322584660925
endless,F17,80,16,5,5404778.628483014,5656106.838097862,0.8541666666666666,104.6501110756018,7.039515350005477
endless,F18,81,17,5,5220235.455154861,5529722.943817682,94.91666666666667,105.92861167511532,8.19631327178999
endless,F19,82,18,5,5014615.843792795,5370379.528157199,4.9375,107.09453516374093,7.094535163740923
endless,F20,83,19,5,4783611.680034373,5041163.6951242015,30.604166666666668,105.38404938186743,10.575012204009404
endless,G02,84,1,6,4658494.145209977,4867943.59050287,99.83333333333333,104.49607617320409,13.95898145704132
endless,G03,85,2,6,4928045.372922851,4962472.518095434,23.3125,100.69859635144074,11.787165650297382
endless,G04,86,3,6,5162124.327846742,5392781.547734942,89.41666666666667,104.46826161555107,9.685270455615857
endless,G05,87,4,6,5371899.296747004,5839350.409501693,19.3125,108.70178473073311,8.70178473073311
endless,G06,88,5,6,5552571.304517052,5921117.119817011,89.25,106.63739005026633,6.637390050266334
endless,G07,89,6,6,5708036.136999339,6212118.606734747,19.3125,108.83110158444791,8.831101584447909
endless,G08,90,7,6,5832223.427286435,6186372.1865321295,19.3125,106.07227695682553,6.072276956825529
endless,G09,91,8,6,5927869.242600707,6558342.328648109,35.875,110.6357454971594,10.635745497159398
endless,G10,92,9,6,5991185.061668024,6480793.514799677,35.875,108.17214704757157,8.172147047571565
endless,G11,93,10,6,6023513.350534234,6701152.077816068,35.875,111.24989168027217,11.249891680272173
endless,G12,94,11,6,6023513.350534234,6535045.739472005,35.8125,108.49225956961483,8.492259569614834
endless,G13,95,12,6,5991185.0616680235,6622234.040987196,24.645833333333332,110.53295755052976,10.532957550529765
endless,G14,96,13,6,5927869.242600706,6492836.423562557,24.666666666666668,109.53069573299132,9.530695732991322
endless,G15,97,14,6,5832223.427286436,6452867.03070191,18.75,110.64162940863605,10.641629408636044
endless,G16,98,15,6,5708036.136999341,6054975.167444526,18.8125,106.07808048369449,6.078080483694492
endless,G17,99,16,6,5552571.304517053,5897279.123624913,46.4375,106.20807550598113,6.476683345813883
endless,G18,100,17,6,5371899.296747003,5488689.791358922,0.7291666666666666,102.17410059571748,6.211682867237456
endless,G19,101,18,6,5162124.327846741,5419499.950226891,91.77083333333333,104.98584702797167,8.240860927375849
endless,G20,102,19,6,4928045.372922851,4969154.878814201,30.666666666666668,100.83419495520936,8.53040285193465
endless,G21,103,20,6,4658494.145209977,5025762.065559091,58.6875,107.88383346422688,12.870379801342613
endless,H02,104,1,7,4807472.0116356285,4839447.677953221,23.3125,100.66512433645379,11.807619599340457
endless,H03,105,2,7,5055959.639595347,5257463.859534659,83.9375,103.98547920282526,11.753839372487306
endless,H04,106,3,7,5287643.482181484,5523666.461600285,23.291666666666668,104.46367044628029,7.2511610571954765
endless,H05,107,4,7,5493613.714834098,6022185.806403381,23.333333333333332,109.62157368549612,9.62157368549612
endless,H06,108,5,7,5675526.242933749,6109581.699802887,19.333333333333332,107.64784512113839,7.647845121138386
endless,H07,109,6,7,5828208.785565562,6458456.694429026,55.604166666666664,110.81374967939324,10.813749679393236
endless,H08,110,7,7,5953475.132211619,6655195.574058749,55.520833333333336,111.78673675901376,11.78673675901376
endless,H09,111,8,7,6047455.501500435,6663190.364599915,35.875,110.1817179629798,10.181717962979796
endless,H10,112,9,7,6111329.244445109,6810201.621205872,59.229166666666664,111.43568524631533,11.43568524631533
endless,H11,113,10,7,6143075.92962072,6663405.169911223,35.833333333333336,108.47017432718968,8.470174327189683
endless,H12,114,11,7,6143075.9296207195,6837828.545624026,35.8125,111.30952350195355,11.309523501953556
endless,H13,115,12,7,6111329.24444511,6595868.433390387,24.666666666666668,107.92854008619645,7.928540086196456
endless,H14,116,13,7,6047455.501500435,6622428.653997132,63.75,109.50768719759971,9.507687197599711
endless,H15,117,14,7,5953475.132211618,6523092.9220340345,18.770833333333332,109.5678200911677,9.5678200911677
endless,H16,118,15,7,5828208.785565563,6398641.829028635,26.854166666666668,109.7874503891459,9.787450389145903
endless,H17,119,16,7,5675526.242933749,5975786.450649706,10.75,105.29043818782078,5.2904381878207785
endless,H18,120,17,7,5493613.714834097,5820724.00438208,45.208333333333336,105.95437368784606,6.770770679209582
endless,H19,121,18,7,5287643.482181484,5405831.852400215,0.5416666666666666,102.23518039022501,5.511992619319928
endless,H20,122,19,7,5055959.6395953465,5356896.213838713,91.8125,105.95211583349294,9.387851878413645
endless,H21,123,20,7,4807472.0116356285,4960770.800305824,58.708333333333336,103.18876091840292,7.571965172113115
endless,J01,124,0,8,4606486.835566402,4834258.961595978,5.833333333333333,104.94459517980081,9.75200343832946
endless,J02,125,1,8,4897950.82359485,5158635.019025397,83.875,105.32231140775762,12.139704852191823
endless,J03,126,2,8,5153665.749412325,5286433.030297845,23.270833333333332,102.57617174533794,8.676135860662871
endless,J04,127,3,8,5382481.659498054,5800338.50836229,23.25,107.76327492220761,7.763274922207608
endless,J05,128,4,8,5588546.921177312,6000121.918243483,23.270833333333332,107.36461557666345,7.364615576663458
endless,J06,129,5,8,5767794.937449864,6229514.130240307,68.52083333333333,108.00512497059378,8.00512497059378
endless,J07,130,6,8,5921021.376589866,6496896.243591538,15.875,109.72593798222931,9.725937982229315
endless,J08,131,7,8,6044592.137655852,6513477.68705332,55.5625,107.75710815087858,7.757108150878578
endless,J09,132,8,8,6139052.374226681,6852882.628884492,59.125,111.62769449002674,11.627694490026741
endless,J10,133,9,8,6202091.960793213,6696112.418394588,59.125,107.96538427234465,7.9653842723446555
endless,J11,134,10,8,6234006.704951216,6898721.37548591,37.854166666666664,110.66271985249487,10.662719852494874
endless,J12,135,11,8,6234006.704951215,6627495.495497481,18.75,106.31197252697446,6.311972526974463
endless,J13,136,12,8,6202091.960793214,6761418.001281434,83.10416666666667,109.01834484274053,9.018344842740532
endless,J14,137,13,8,6139052.374226682,6724468.735260302,24.645833333333332,109.5359401638492,9.5359401638492
endless,J15,138,14,8,6044592.137655852,6575855.235042376,80.14583333333333,108.78906442796905,8.789064427969052
endless,J16,139,15,8,5921021.376589868,6428033.067044366,10.729166666666666,108.5629093058013,8.562909305801302
endless,J17,140,16,8,5767794.937449865,6257753.972399063,45.270833333333336,108.49473742153921,8.494737421539211
endless,J18,141,17,8,5588546.921177311,5793187.2668144945,14.770833333333334,103.66178093381873,3.6617809338187257
endless,J19,142,18,8,5382481.659498054,5743735.148627508,84.29166666666667,106.71165295086476,7.921222498699354
endless,J20,143,19,8,5153665.749412326,5277634.85557519,97.04166666666667,102.40545491676482,6.324111179160452
endless,J21,144,20,8,4897950.823594849,5249835.324533679,97,107.18432082338802,10.006486671263136
endless,J22,145,21,8,4606486.835566402,4720468.065551444,97,102.47436352373786,8.49426708432376
endless,K01,146,0,9,4724551.158262206,5095125.229010727,83.9375,107.84358256128665,11.78215751742152
endless,K02,147,1,9,4980411.436454464,5209744.293521648,23.3125,104.60469702138597,6.425599520002223
endless,K03,148,2,9,5223557.861038766,5258204.210929503,23.291666666666668,100.66327110395686,8.976863631895782
endless,K04,149,3,9,5449310.707698692,5589320.551084625,23.270833333333332,102.56931290755966,6.330285936744473
endless,K05,150,4,9,5652159.196601739,6016775.849779421,47.625,106.4509268138962,6.450926813896207
endless,K06,151,5,9,5831165.6294557275,6192730.53263569,23.333333333333332,106.2005596506047,6.200559650604709
endless,K07,152,6,9,5982803.020561033,6613330.699625886,35.916666666666664,110.53900114875796,10.539001148757965
endless,K08,153,7,9,6106600.609385954,6798831.625970627,59.229166666666664,111.33578337382505,11.335783373825059
endless,K09,154,8,9,6200209.890353879,6638338.950631997,59.125,107.06635852698707,7.066358526987071
endless,K10,155,9,9,6263425.787997051,6931966.716601302,72.3125,110.67372634773469,10.673726347734691
endless,K11,156,10,9,6295063.374039246,6938563.72623215,97.58333333333333,110.22230141235258,10.222301412352586
endless,K12,157,11,9,6295063.374039248,6844806.967241864,37.791666666666664,108.73293183146895,8.73293183146895
endless,K13,158,12,9,6263425.78799705,6917511.8666457515,100.16666666666667,110.44294449695823,10.44294449695824
endless,K14,159,13,9,6200209.890353878,6804099.208617082,83.0625,109.73982056966682,9.739820569666824
endless,K15,160,14,9,6106600.609385955,6495101.243250884,26.75,106.36197876225599,6.361978762255993
endless,K16,161,15,9,5982803.020561031,6566855.233957719,39.0625,109.76218356829537,9.762183568295368
endless,K17,162,16,9,5831165.6294557275,6084424.268819041,39.020833333333336,104.34319063214386,4.444819371650621
endless,K18,163,17,9,5652159.19660174,6016079.106633199,84.33333333333333,106.43859978767512,6.737981384768943
endless,K19,164,18,9,5449310.707698692,5514060.51796945,84.25,101.18822019414824,6.395445234755359
endless,K20,165,19,9,5223557.861038766,5644715.380539363,97.08333333333333,108.0626563484997,8.265318384270447
endless,K21,166,20,9,4980411.436454463,5260907.375404008,97.02083333333333,105.63198327143087,5.631983271430863
endless,K22,167,21,9,4724551.158262205,5171686.6580384215,96.97916666666667,109.46408420182463,10.02043871214402
endless,L01,168,0,10,4778938.89610593,4988200.139976016,5.833333333333333,104.378822337331,6.057404936310995
endless,L02,169,1,10,5023043.443419824,5269045.672728066,37.375,104.89747365475218,9.44094818764809
endless,L03,170,2,10,5260960.897591241,5268159.4353784425,11.458333333333334,100.13682933455175,7.9021445469838465
endless,L04,171,3,10,5483064.860220667,5819142.58198695,96.35416666666667,106.12937709718717,7.9168611354878955
endless,L05,172,4,10,5684975.115295151,6057536.758786393,93.91666666666667,106.55344369914448,6.553443699144479
endless,L06,173,5,10,5862718.16700525,6465512.856234519,23.375,110.2818295551325,10.281829555132504
endless,L07,174,6,10,6014309.670745321,6426973.964629076,23.333333333333332,106.86137423037974,6.861374230379735
endless,L08,175,7,10,6137490.489109186,6557266.392887947,46.9375,106.83953652594072,6.839536525940715
endless,L09,176,8,10,6231186.077215911,6887331.170945855,47.020833333333336,110.5300192547469,10.530019254746904
endless,L10,177,9,10,6294121.029825143,6744539.023880416,17.979166666666668,107.15616989125145,7.1561698912514515
endless,L11,178,10,10,6325798.143363796,7086109.975556261,97.5625,112.01922374001272,12.01922374001272
endless,L12,179,11,10,6325798.143363795,7084824.0151728,100.14583333333333,111.99889491581827,11.99889491581827
endless,L13,180,12,10,6294121.029825143,6866460.83664576,22.604166666666668,109.09324438008967,9.093244380089672
endless,L14,181,13,10,6231186.07721591,6677612.482015588,6.125,107.16438891837974,7.164388918379738
endless,L15,182,14,10,6137490.4891091855,6751997.435847096,62.541666666666664,110.01234865990159,10.012348659901594
endless,L16,183,15,10,6014309.6707453225,6524302.297516936,32.6875,108.47965360434148,8.479653604341486
endless,L17,184,16,10,5862718.16700525,6361817.691236004,43.1875,108.51310791365741,8.513107913657404
endless,L18,185,17,10,5684975.115295151,5817063.418531814,32.75,102.32346317367838,5.359484406479087
endless,L19,186,18,10,5483064.860220666,5799268.303208096,32.8125,105.76691049711027,7.931902831723992
endless,L20,187,19,10,5260960.897591241,5365054.354386738,97.08333333333333,101.97860160570964,6.93421667056141
endless,L21,188,20,10,5023043.443419824,5357438.143145543,42.375,106.6572129724216,9.293526103660255
endless,L22,189,21,10,4778938.89610593,5034325.4975674385,97.02083333333333,105.34400223592746,5.680241507576955
endless,M01,190,0,11,4778938.89610593,5060067.8092043465,11.416666666666666,105.88266389694773,5.893158491169103
endless,M02,191,1,11,5023043.443419824,5319949.69534699,96.25,105.91088361610952,8.511684536368202
endless,M03,192,2,11,5260960.897591241,5483881.393588414,11.416666666666666,104.2372581803305,5.248696932350039
endless,M04,193,3,11,5483064.860220666,5888194.4574974235,79.4375,107.38874347841387,7.677227726978952
endless,M05,194,4,11,5684975.115295151,5888378.151543533,23.333333333333332,103.57790548108356,4.035439837442367
endless,M06,195,5,11,5862718.16700525,6435754.431483493,46.9375,109.7742420521462,9.77424205214621
endless,M07,196,6,11,6014309.6707453225,6454511.713659949,94.02083333333333,107.31924471824004,7.319244718240037
endless,M08,197,7,11,6137490.4891091855,6807725.413123788,34.604166666666664,110.92034155008332,10.920341550083323
endless,M09,198,8,11,6231186.07721591,6778672.275612045,92,108.78622771991992,8.786227719919925
endless,M10,199,9,11,6294121.029825143,6943930.862252584,72.3125,110.32407590111902,10.324075901119013
endless,M11,200,10,11,6325798.143363795,7127840.576758561,100.14583333333333,112.67891284574365,12.67891284574365
endless,M12,201,11,11,6325798.143363796,6968818.42065167,100.10416666666667,110.16504578102048,10.165045781020488
endless,M13,202,12,11,6294121.029825143,6911159.007093305,100.125,109.80340184664838,9.803401846648384
endless,M14,203,13,11,6231186.077215911,6802492.228379202,26.833333333333332,109.16849768380774,9.168497683807741
endless,M15,204,14,11,6137490.489109186,6492501.326273042,53.1875,105.78429958944642,5.784299589446418
endless,M16,205,15,11,6014309.670745322,6608741.514927953,43.145833333333336,109.88362549860133,9.883625498601333
endless,M17,206,16,11,5862718.16700525,6081395.756047397,32.729166666666664,103.72996932161674,4.721177318749392
endless,M18,207,17,11,5684975.115295151,6062358.206816196,80.20833333333333,106.63825406211038,6.861990731187051
endless,M19,208,18,11,5483064.860220667,5557848.465096895,42.270833333333336,101.36390151826906,5.870123927447734
endless,M20,209,19,11,5260960.897591241,5703798.29375441,97.125,108.41742420792227,8.417424207922263
endless,M21,210,20,11,5023043.443419824,5223033.080425933,42.333333333333336,103.98144350648796,5.928953030698747
endless,M22,211,21,11,4778938.89610593,5150201.634087631,42.354166666666664,107.76872745295447,10.427886681535659
endless,N01,212,0,12,4724551.158262205,5065850.217794412,64.25,107.2239467432869,11.478184855604368
endless,N02,213,1,12,4980411.436454463,5220327.025835786,11.395833333333334,104.81718413111906,5.773792239387521
endless,N03,214,2,12,5223557.861038766,5534383.772810424,11.375,105.95046365026472,7.6775439154247564
endless,N04,215,3,12,5449310.707698692,5607330.50837342,11.4375,102.89981263963313,4.62047378796523
endless,N05,216,4,12,5652159.19660174,6109377.332411896,79.47916666666667,108.08926500309919,8.08926500309919
endless,N06,217,5,12,5831165.6294557275,6316347.550723615,25.75,108.32049631409927,8.32049631409928
endless,N07,218,6,12,5982803.020561031,6707300.824690787,46.875,112.10967169802987,12.109671698029878
endless,N08,219,7,12,6106600.609385955,6722521.599331561,34.604166666666664,110.08615151609757,10.086151516097575
endless,N09,220,8,12,6200209.890353878,6902774.32790256,47,111.3313008748577,11.331300874857696
endless,N10,221,9,12,6263425.78799705,6846119.368966563,18.0625,109.30311303577925,9.303113035779242
endless,N11,222,10,12,6295063.374039248,6937244.019215688,72.3125,110.20133725459833,10.20133725459833
endless,N12,223,11,12,6295063.374039246,6800453.352481807,6.666666666666667,108.02835409928963,8.028354099289636
endless,N13,224,12,12,6263425.787997051,6815628.205541227,22.604166666666668,108.81630015641588,8.81630015641588
endless,N14,225,13,12,6200209.890353879,6572349.323365801,53.166666666666664,106.00204573059513,6.002045730595129
endless,N15,226,14,12,6106600.609385955,6695004.022345619,53.229166666666664,109.63553129797417,9.635531297974165
endless,N16,227,15,12,5982803.020561033,6274846.624467494,43.104166666666664,104.88138424251639,4.8813842425163845
endless,N17,228,16,12,5831165.6294557275,6209695.1599648455,97.125,106.49148994494347,6.491489944943463
endless,N18,229,17,12,5652159.196601739,5750860.65371404,43.145833333333336,101.7462610956118,5.269301717595964
endless,N19,230,18,12,5449310.707698692,5806820.494010832,42.229166666666664,106.5606423544001,6.560642354400104
endless,N20,231,19,12,5223557.861038766,5511894.327553653,42.25,105.5199248134211,5.519924813421095
endless,N21,232,20,12,4980411.436454464,5343124.412256421,42.3125,107.28279140046652,9.47593574299681
endless,N22,233,21,12,4724551.158262206,4942261.010273869,97.10416666666667,104.60805364824839,6.474468292280999
endless,O01,234,0,13,4606486.835566402,4687552.247265469,64.27083333333333,101.75980990704599,9.38949405728835
endless,O02,235,1,13,4897950.823594849,5236160.354958758,75.35416666666667,106.90512305135151,10.51272153907653
endless,O03,236,2,13,5153665.749412326,5230217.033711526,11.416666666666666,101.48537542055243,7.5797861963536555
endless,O04,237,3,13,5382481.659498054,5803400.33027126,75.3125,107.82015987050218,7.820159870502175
endless,O05,238,4,13,5588546.921177311,5981282.084131497,33.291666666666664,107.02750050224954,7.02750050224954
endless,O06,239,5,13,5767794.937449865,6372142.817674719,47,110.47797098854655,10.477970988546549
endless,O07,240,6,13,5921021.376589868,6498340.958970764,46.9375,109.75033774854222,9.750337748542215
endless,O08,241,7,13,6044592.137655852,6701545.174433713,34.604166666666664,110.86844276366068,10.86844276366068
endless,O09,242,8,13,6139052.374226682,6786839.907644088,18.145833333333332,110.55191410545682,10.551914105456817
endless,O10,243,9,13,6202091.960793214,6826444.964201597,18.104166666666668,110.06681305848505,10.066813058485046
endless,O11,244,10,13,6234006.704951215,6673522.283171173,18.104166666666668,107.0502904315275,7.050290431527495
endless,O12,245,11,13,6234006.704951216,6906164.868450493,56.791666666666664,110.78212127948836,10.782121279488365
endless,O13,246,12,13,6202091.960793213,6506531.2940457435,56.791666666666664,104.90865558229476,4.908655582294763
endless,O14,247,13,13,6139052.374226681,6725614.147461918,53.1875,109.5545979652784,9.5545979652784
endless,O15,248,14,13,6044592.137655852,6546581.902115277,97.16666666666667,108.30477479749527,8.304774797495273
endless,O16,249,15,13,5921021.376589866,6473859.922179106,28.541666666666668,109.33687805578639,9.336878055786379
endless,O17,250,16,13,5767794.937449864,6109919.680577996,28.520833333333332,105.93163846562473,5.931638465624722
endless,O18,251,17,13,5588546.921177312,5991845.007610609,97.1875,107.21651069806776,7.2165106980677685
endless,O19,252,18,13,5382481.659498054,5713842.397566504,20.083333333333332,106.156281786557,6.156281786557005
endless,O20,253,19,13,5153665.749412325,5579993.851975844,97.125,108.2723273742022,9.016676868038765
endless,O21,254,20,13,4897950.82359485,5046369.621660208,97.14583333333333,103.03022229930082,8.47267510565477
endless,O22,255,21,13,4606486.835566402,5079674.949910808,97.14583333333333,110.27221245246919,10.762870623580023
endless,P02,256,1,14,4807472.0116356285,4915191.72661729,75.375,102.24067274278342,9.010236565399875
endless,P03,257,2,14,5055959.6395953465,5029993.186585817,11.458333333333334,99.48641890243395,9.852277498221095
endless,P04,258,3,14,5287643.482181484,5381595.247366418,64.25,101.77681731950227,6.404098071818066
endless,P05,259,4,14,5493613.714834097,5945140.728763173,64.20833333333333,108.21912564965832,8.21912564965832
endless,P06,260,5,14,5675526.242933749,6038757.032556385,33.270833333333336,106.399949080931,6.399949080931
endless,P07,261,6,14,5828208.785565563,6377653.633330264,41.479166666666664,109.42733639065032,9.427336390650321
endless,P08,262,7,14,5953475.132211618,6478894.542365384,77.16666666666667,108.82542378166585,8.825423781665842
endless,P09,263,8,14,6047455.501500435,6309365.664295379,44.375,104.33091508866765,4.330915088667653
endless,P10,264,9,14,6111329.24444511,6698927.426865967,71,109.6148997855901,9.614899785590092
endless,P11,265,10,14,6143075.9296207195,6588464.644341653,18.1875,107.25025573220339,7.250255732203392
endless,P12,266,11,14,6143075.92962072,6767871.718380804,56.791666666666664,110.17073199026304,10.170731990263038
endless,P13,267,12,14,6111329.244445109,6410528.416591037,13.708333333333334,104.89581169952322,4.895811699523223
endless,P14,268,13,14,6047455.501500435,6560839.193640159,28.395833333333332,108.48925125637301,8.48925125637301
endless,P15,269,14,14,5953475.132211619,6457179.282882407,97.10416666666667,108.46067447137668,8.460674471376684
endless,P16,270,15,14,5828208.785565562,6261168.838321825,28.416666666666668,107.42869839921579,7.428698399215783
endless,P17,271,16,14,5675526.242933749,6164294.098270657,28.5,108.61185085604075,8.611850856040748
endless,P18,272,17,14,5493613.714834098,5884500.632130897,25.1875,107.1152967352129,7.115296735212895
endless,P19,273,18,14,5287643.482181485,5700615.038858701,25.25,107.81012483290266,7.810124832902665
endless,P20,274,19,14,5055959.639595347,5353524.942256789,20.104166666666668,105.88543667024322,6.583466668621174
endless,P21,275,20,14,4807472.0116356285,5169882.426606625,90.1875,107.53848205655379,11.740718460952127
endless,Q02,276,1,15,4658494.145209977,4999176.723514199,98.52083333333333,107.3131481479809,13.504878211302906
endless,Q03,277,2,15,4928045.372922852,5053036.526307815,7.041666666666667,102.53632310432302,9.33630604716209
endless,Q04,278,3,15,5162124.327846741,5436253.914819068,87.85416666666667,105.31040264748279,10.144096373497835
endless,Q05,279,4,15,5371899.296747003,5611663.070195986,7,104.46329613055431,4.463296130554317
endless,Q06,280,5,15,5552571.304517053,5966567.600330231,64.1875,107.45593839517899,7.455938395178996
endless,Q07,281,6,15,5708036.136999339,5958655.967069614,41.5625,104.3906489737471,4.390648973747102
endless,Q08,282,7,15,5832223.427286436,6127733.200887808,29.458333333333332,105.06684589994974,5.066845899949746
endless,Q09,283,8,15,5927869.242600706,6428798.11397368,44.4375,108.45040352396849,8.450403523968486
endless,Q10,284,9,15,5991185.0616680235,6600928.961562466,92.79166666666667,110.1773504510088,10.177350451008804
endless,Q11,285,10,15,6023513.350534234,6566975.546083101,56.75,109.02234566311148,9.022345663111487
endless,Q12,286,11,15,6023513.350534234,6633385.459736782,92.75,110.12485693500551,10.12485693500551
endless,Q13,287,12,15,5991185.061668024,6521516.636971961,98.83333333333333,108.85186436147718,8.85186436147718
endless,Q14,288,13,15,5927869.242600707,6302120.623351212,13.75,106.31342166019692,6.313421660196927
endless,Q15,289,14,15,5832223.427286435,6303896.599668039,28.333333333333332,108.08736459194705,8.087364591947054
endless,Q16,290,15,15,5708036.136999339,6149881.430828392,98.95833333333333,107.74075852402237,7.740758524022362
endless,Q17,291,16,15,5552571.304517053,5739131.888204483,28.458333333333332,103.35989532517415,6.145154971861288
endless,Q18,292,17,15,5371899.296747004,5727291.043502941,97.1875,106.61575593889386,8.427652354967863
endless,Q19,293,18,15,5162124.327846742,5449693.551325227,9.791666666666666,105.57075353507493,6.26690183550711
endless,Q20,294,19,15,4928045.372922851,5093877.057303128,5.479166666666667,103.36506001530424,9.557161710114404
endless,Q21,295,20,15,4658494.145209977,4927936.101625856,5.4375,105.78388526457478,9.016926659653823
endless,R03,296,2,16,4783611.680034373,5075435.188376857,98.52083333333333,106.10048490266225,13.037803554353156
endless,R04,297,3,16,5014615.843792795,5004988.401936082,98.47916666666667,99.8080123750929,10.15076945398321
endless,R05,298,4,16,5220235.455154861,5518459.595116558,98.4375,105.71284844378441,8.061073038038359
endless,R06,299,5,16,5404778.628483014,5585868.355994485,33.395833333333336,103.35054846755673,5.310464822987704
endless,R07,300,6,16,5558070.463898023,5999199.687423801,41.645833333333336,107.93673319528956,7.936733195289558
endless,R08,301,7,16,5685102.954659442,6042192.615896621,92.89583333333333,106.28114678107126,6.281146781071256
endless,R09,302,8,16,5779372.729633639,5952105.460458249,29.479166666666668,102.9887799058006,4.193694891839805
endless,R10,303,9,16,5844171.611915346,6382007.907159243,92.8125,109.20295177758526,9.202951777585255
endless,R11,304,10,16,5876133.644191159,6235427.260782182,44.395833333333336,106.1144561772553,6.114456177255301
endless,R12,305,11,16,5876133.644191159,6476054.087139963,56.708333333333336,110.20944177370531,10.209441773705308
endless,R13,306,12,16,5844171.611915347,6133116.194168722,54.6875,104.94414951238362,4.944149512383622
endless,R14,307,13,16,5779372.729633639,6264277.477498744,54.666666666666664,108.39026604701863,8.390266047018624
endless,R15,308,14,16,5685102.954659443,5821364.711098207,28.375,102.3968212629656,5.542160448923939
endless,R16,309,15,16,5558070.463898022,5738971.8459830405,9.75,103.25475150522196,6.127655970602886
endless,R17,310,16,16,5404778.628483014,5694617.415488692,88.97916666666667,105.36263937764696,7.966696189115263
endless,R18,311,17,16,5220235.455154861,5384674.37188264,9.791666666666666,103.15002873223658,7.81623109645947
endless,R19,312,18,16,5014615.843792796,5219013.608887361,9.8125,104.07604034808715,8.873068402549244
endless,R20,313,19,16,4783611.680034373,5220459.674887356,9.854166666666666,109.1321792836212,9.1321792836212
endless,S03,314,2,17,4605930.485113044,4574379.678554984,98.5,99.31499603261412,12.00268686300393
endless,S04,315,3,17,4833706.8932106765,5064913.238765184,98.47916666666667,104.78320987727359,11.385812235615745
endless,S05,316,4,17,5046202.20778458,5162471.564539358,16.875,102.30409626818786,8.953716822717606
endless,S06,317,5,17,5226981.293094191,5595176.543953331,33.479166666666664,107.04412796245502,7.688279334523029
endless,S07,318,6,17,5385198.132940032,5643410.755415851,29.583333333333332,104.7948583524976,6.166496455321713
endless,S08,319,7,17,5509539.617519944,5666055.335722375,29.541666666666668,102.84081300921626,6.322947920979239
endless,S09,320,8,17,5606327.068053453,5961424.562661421,101,106.33387046987359,6.333870469873593
endless,S10,321,9,17,5669996.50792712,6063224.052004272,16.916666666666668,106.93523432558358,6.9352343255835835
endless,S11,322,10,17,5703093.806537875,6259162.726788888,44.4375,109.75030289022338,9.750302890223384
endless,S12,323,11,17,5703093.806537876,6258724.435397754,40.666666666666664,109.74261773886515,9.742617738865157
endless,S13,324,12,17,5669996.507927121,6196302.534657646,40.645833333333336,109.28229895723402,9.282298957234026
endless,S14,325,13,17,5606327.068053454,5877194.044040226,9.791666666666666,104.83145154927284,4.831451549272847
endless,S15,326,14,17,5509539.617519945,5930054.221372639,98.85416666666667,107.63248171436118,7.632481714361172
endless,S16,327,15,17,5385198.1329400325,5763420.200683645,9.729166666666666,107.02336401385335,7.3681459086263885
endless,S17,328,16,17,5226981.293094191,5632681.887746968,9.75,107.76166150027709,7.761661500277084
endless,S18,329,17,17,5046202.20778458,5385602.114397546,98.89583333333333,106.72584832390164,9.479229789316545
endless,S19,330,18,17,4833706.893210676,5226288.749238189,9.833333333333334,108.12175551188108,8.12175551188108
endless,S20,331,19,17,4605930.485113044,4981943.143164001,88.97916666666667,108.16366333070545,12.529427875795152
endless,T04,332,3,18,4634829.928441549,4994705.626871518,16.895833333333332,107.76459339363453,7.7645933936345335
endless,T05,333,4,18,4840705.940506407,5110599.472145452,98.54166666666667,105.57549942004553,12.302334985064833
endless,T06,334,5,18,5030143.834856761,5359251.808813869,16.854166666666668,106.54271497519674,8.777300803503485
endless,T07,335,6,18,5184383.497814639,5594788.041681173,38.5625,107.91616870240274,8.349617635581218
endless,T08,336,7,18,5312956.894543577,5771130.295276277,38.5,108.6236988145574,8.6236988145574
endless,T09,337,8,18,5406235.561291306,5664907.473295904,38.479166666666664,104.78469554409895,4.784695544098949
endless,T10,338,9,18,5472666.261587133,5914990.318933296,56.3125,108.08242337836045,8.082423378360449
endless,T11,339,10,18,5505602.011222798,5951272.0306381555,24.166666666666668,108.09484627669943,8.09484627669943
endless,T12,340,11,18,5505602.011222798,6115634.684046948,40.729166666666664,111.08021741456501,11.08021741456502
endless,T13,341,12,18,5472666.261587133,5925514.976114063,40.645833333333336,108.27473653391755,8.274736533917547
endless,T14,342,13,18,5406235.561291306,5831425.4334113775,40.604166666666664,107.86480476663715,7.864804766637157
endless,T15,343,14,18,5312956.894543577,5455153.4569627065,9.791666666666666,102.6764109937569,5.873715025097804
endless,T16,344,15,18,5184383.497814638,5315272.90134702,9.770833333333334,102.5246859841205,7.6356379824424
endless,T17,345,16,18,5030143.834856762,5454322.326429384,98.8125,108.4327308621524,9.194395173972714
endless,T18,346,17,18,4840705.940506408,5112922.569140902,9.770833333333334,105.62349029212082,7.714712352499942
endless,T19,347,18,18,4634829.928441549,4774804.101622425,9.8125,103.02004982581836,10.215117642597793
endless,U05,348,4,19,4621144.824327538,4848488.109333038,16.875,104.91963125259946,12.18131518893869
endless,U06,349,5,19,4804428.858754163,4933162.301410301,98.70833333333333,102.6794744274665,14.070169910972286
endless,U07,350,6,19,4968052.809953903,5041677.852429373,16.895833333333332,101.4819698037017,12.222669011100407
endless,U08,351,7,19,5090752.3661602335,5378269.347762836,16.895833333333332,105.64782886541121,7.952802742396681
endless,U09,352,8,19,5184845.259658251,5537405.651250898,38.458333333333336,106.79982475727512,7.681031745956202
endless,U10,353,9,19,5250976.539444979,5403707.685388761,56.354166666666664,102.90862365878948,6.693422830476825
endless,U11,354,10,19,5287373.958214552,5645023.890733075,100.9375,106.76422616113376,7.358911643009369
endless,U12,355,11,19,5287373.958214552,5635460.059559519,40.708333333333336,106.58334560967026,6.583345609670266
endless,U13,356,12,19,5250976.539444979,5672783.92175033,101,108.03293214389291,8.032932143892912
endless,U14,357,13,19,5184845.259658251,5399012.280405077,40.666666666666664,104.13063476384139,4.605225472368623
endless,U15,358,14,19,5090752.3661602335,5498095.140268897,98.79166666666667,108.00162225168117,8.687026915682194
endless,U16,359,15,19,4968052.809953903,5387546.02309712,98.77083333333333,108.44381549855365,9.301222239732688
endless,U17,360,16,19,4804428.858754164,5040481.556284945,98.79166666666667,104.91323119709995,8.116195171188757
endless,U18,361,17,19,4621144.824327538,5045972.326844497,69.85416666666667,109.19312245486223,12.552595680069933
endless,V06,362,5,20,4567696.552863375,4672095.79303045,16.895833333333332,102.28559929406057,14.369802139906607
endless,V07,363,6,20,4730657.414704839,4769567.166497208,16.916666666666668,100.82250199880087,14.114956826979485
endless,V08,364,7,20,4856359.244297651,4995286.442645307,101,102.86072737536426,12.510228701153247
endless,V09,365,8,20,4932427.525751918,5069513.816116355,8.354166666666666,102.7792864598358,8.648084479801055
endless,V10,366,9,20,5010924.366932793,5270652.0644013705,56.416666666666664,105.1832292497274,9.29786300663531
endless,V11,367,10,20,5051386.3627222525,5090724.008114874,31.8125,100.77874948712935,7.3413484032078475
endless,V12,368,11,20,5051386.362722253,5421865.741269787,62.25,107.33421187659616,8.588581142854867
endless,V13,369,12,20,5010924.366932793,5370009.621055874,40.6875,107.16604817451834,7.166048174518336
endless,V14,370,13,20,4932427.525751918,5337507.677111903,40.729166666666664,108.21259206030065,9.568997463874684
endless,V15,371,14,20,4856359.244297652,5017781.053383262,69.85416666666667,103.32392644294492,5.940615598325594
endless,V16,372,15,20,4730657.41470484,4885573.663669441,98.77083333333333,103.27472981837698,7.387894427407526
endless,V17,373,16,20,4567696.552863376,5002693.700041156,69.83333333333333,109.52333724763506,12.958989469103477
endless,W09,374,8,21,4637876.917895917,4547836.371996998,8.354166666666666,98.05858267709769,12.441812262836716
endless,W10,375,9,21,4753795.2844480425,4754660.247361398,8.354166666666666,100.01819520744164,8.859447407826304
endless,W11,376,10,21,4807430.466142967,5130913.890657603,101,106.72882170200515,10.550609155254731
endless,W12,377,11,21,4807430.466142967,4898498.713782686,62.25,101.89432272148457,7.056317000846491
endless,W13,378,12,21,4753795.284448043,5197730.925433851,85.20833333333333,109.33855192372577,9.439197771813957
endless,W14,379,13,21,4637876.917895916,4887828.592991577,62.229166666666664,105.38935550728368,5.389355507283677
